Date,Ticker,Name,Open,High,Low,Close,Volume,ForeignNetBuy,TrustNetBuy,DealerNetBuy,RetailVolume
2026-09-21,0050.TW,元大台灣50,109.9,111.45,109.85,111.35,119595084,-15742529.0,2704000.0,15959576.0,85188979
2026-09-21,0051.TW,元大中型100,146.0,146.85,146.0,146.8,42193,114.0,0.0,1998.0,40081
2026-09-21,0052.TW,富邦科技,64.05,64.6,64.05,64.55,18938854,1439605.0,0.0,1084836.0,16414413
2026-09-21,0053.TW,元大電子,248.55,250.15,248.5,249.3,157983,4000.0,0.0,-6702.0,147281
2026-09-21,0055.TW,元大MSCI金融,50.15,50.9,49.74,50.65,895029,39001.0,0.0,229751.0,626277
2026-09-21,0056.TW,元大高股息,56.85,57.25,56.7,57.15,21847416,1157573.0,310000.0,-1649244.0,18730599
2026-09-21,0057.TW,富邦摩台,330.0,331.9,330.0,331.0,16745,0.0,0.0,348.0,16397
2026-09-21,0061.TW,元大寶滬深,24.12,24.2,24.1,24.13,108505,87394.0,0.0,-61105.0,0
2026-09-21,1101.TW,台泥,24.3,24.3,24.05,24.15,12445836,-5824469.0,1000.0,129921.0,6490446
2026-09-21,1102.TW,亞泥,35.15,35.25,34.8,35.25,4908275,293070.0,52050.0,51452.0,4511703
2026-09-21,1103.TW,嘉泥,13.25,13.25,13.05,13.15,410169,-206000.0,0.0,9000.0,195169
2026-09-21,1104.TW,環泥,26.8,26.8,26.6,26.6,467432,-360000.0,2000.0,7760.0,97672
2026-09-21,1108.TW,幸福,11.15,11.2,11.05,11.15,186518,0.0,0.0,5000.0,181518
2026-09-21,1109.TW,信大,13.4,13.4,13.35,13.4,73925,2000.0,0.0,3280.0,68645
2026-09-21,1110.TW,東泥,15.4,15.4,15.25,15.4,145292,-60000.0,0.0,7000.0,78292
2026-09-21,1201.TW,味全,11.6,11.8,11.55,11.75,3448405,339000.0,0.0,-193000.0,2916405
2026-09-21,1203.TW,味王,45.85,45.85,43.95,43.95,17990,-7000.0,0.0,3000.0,7990
2026-09-21,1210.TW,大成,52.3,52.8,52.3,52.5,968217,-223946.0,2000.0,10012.0,732259
2026-09-21,1213.TW,大飲,7.4,7.4,7.12,7.12,8213,0.0,0.0,0.0,8213
2026-09-21,1215.TW,卜蜂,110.0,110.0,107.0,107.5,659184,-435171.0,0.0,2806.0,221207
2026-09-21,1216.TW,統一,75.0,75.0,74.5,74.7,3921858,-774708.0,104103.0,1779.0,3041268
2026-09-21,1217.TW,愛之味,10.0,10.0,9.97,9.99,320739,101000.0,0.0,5000.0,214739
2026-09-21,1218.TW,泰山,14.7,14.7,14.45,14.5,670153,-135000.0,0.0,5000.0,530153
2026-09-21,1219.TW,福壽,11.5,11.6,11.45,11.6,132239,47008.0,0.0,3000.0,82231
2026-09-21,1220.TW,台榮,10.9,10.9,10.75,10.8,70562,5822.0,0.0,2167.0,62573
2026-09-21,1225.TW,福懋油,24.6,25.3,24.6,24.8,10847,-1000.0,0.0,3000.0,6847
2026-09-21,1227.TW,佳格,28.45,28.45,28.15,28.2,454332,-164203.0,0.0,10402.0,279727
2026-09-21,1229.TW,聯華,40.75,40.75,40.2,40.25,1651778,-763985.0,3999.0,20603.0,863191
2026-09-21,1231.TW,聯華食,80.9,80.9,80.2,80.2,143284,-19197.0,0.0,2947.0,121140
2026-09-21,1232.TW,大統益,155.5,155.5,154.5,154.5,38804,-243.0,0.0,2000.0,36561
2026-09-21,1233.TW,天仁,28.25,28.3,28.1,28.2,17014,3000.0,0.0,1000.0,13014
2026-09-21,1234.TW,黑松,33.2,33.2,33.05,33.1,57979,-7000.0,0.0,5921.0,45058
2026-09-21,1235.TW,興泰,38.2,39.4,37.9,37.9,21380,1000.0,0.0,1000.0,19380
2026-09-21,1236.TW,宏亞,25.7,25.8,25.4,25.55,27792,1991.0,0.0,1000.0,24801
2026-09-21,1256.TW,鮮活果汁-KY,170.5,171.5,170.0,170.0,28247,-6000.0,0.0,-2000.0,20247
2026-09-21,1301.TW,台塑,65.1,66.0,64.7,65.2,12591053,1077211.0,0.0,223211.0,11290631
2026-09-21,1303.TW,南亞,238.5,245.0,235.0,239.5,50390368,2173486.0,3134000.0,401683.0,44681199
2026-09-21,1304.TW,台聚,12.3,12.4,12.2,12.35,1356181,263445.0,0.0,6486.0,1086250
2026-09-21,1305.TW,華夏,11.95,12.15,11.95,12.0,625827,211064.0,0.0,8078.0,406685
2026-09-21,1307.TW,三芳,30.5,30.9,30.5,30.85,292514,67000.0,0.0,4000.0,221514
2026-09-21,1308.TW,亞聚,14.1,14.4,14.1,14.25,983804,519234.0,0.0,8171.0,456399
2026-09-21,1309.TW,台達化,13.7,13.9,13.6,13.8,867307,183139.0,0.0,1169.0,682999
2026-09-21,1310.TW,台苯,8.81,8.85,8.65,8.8,1952850,419752.0,0.0,12000.0,1521098
2026-09-21,1312.TW,國喬,14.75,14.75,14.55,14.6,5849788,419452.0,0.0,-271955.0,5158381
2026-09-21,1313.TW,聯成,12.25,12.4,12.15,12.3,2440228,757366.0,0.0,14734.0,1668128
2026-09-21,1314.TW,中石化,9.1,9.49,9.01,9.18,87704113,15575211.0,0.0,1484565.0,70644337
2026-09-21,1315.TW,達新,68.2,68.4,67.9,68.4,62762,10000.0,0.0,1000.0,51762
2026-09-21,1316.TW,上曜,10.8,10.8,10.55,10.7,1925863,-397324.0,0.0,4000.0,1524539
2026-09-21,1319.TW,東陽,80.5,80.7,79.9,80.3,936689,222339.0,1000.0,6491.0,706859
2026-09-21,1321.TW,大洋,33.05,33.05,32.5,32.6,79200,-17000.0,0.0,3000.0,59200
2026-09-21,1323.TW,永裕,21.35,21.4,21.3,21.4,12461,-4000.0,0.0,1000.0,7461
2026-09-21,1324.TW,地球,9.99,10.2,9.98,9.99,24964,0.0,0.0,1000.0,23964
2026-09-21,1325.TW,恆大,25.65,25.9,25.55,25.55,126088,38099.0,0.0,1000.0,86989
2026-09-21,1326.TW,台化,68.3,69.0,67.6,67.8,9958720,-1525691.0,0.0,154971.0,8278058
2026-09-21,1337.TW,再生-KY,4.44,4.49,4.43,4.43,210269,11000.0,0.0,3000.0,196269
2026-09-21,1338.TW,廣華-KY,14.55,14.9,14.25,14.6,254463,-108000.0,0.0,3000.0,143463
2026-09-21,1339.TW,昭輝,43.65,43.65,42.2,42.8,73152,12000.0,0.0,3000.0,58152
2026-09-21,1340.TW,勝悅-KY,5.2,5.24,5.17,5.21,105506,10000.0,0.0,2000.0,93506
2026-09-21,1341.TW,富林-KY,59.7,60.0,59.7,60.0,3004,0.0,0.0,0.0,3004
2026-09-21,1342.TW,八貫,101.5,102.0,100.0,100.0,97932,-26000.0,0.0,1000.0,70932
2026-09-21,1402.TW,遠東新,28.1,28.2,27.75,27.85,5928803,304274.0,-1313070.0,-200718.0,4110741
2026-09-21,1409.TW,新纖,24.7,24.7,24.35,24.45,5998706,614032.0,2000.0,-101280.0,5281394
2026-09-21,1410.TW,南染,24.2,24.6,24.2,24.45,123071,-2000.0,0.0,0.0,121071
2026-09-21,1413.TW,宏洲,9.2,9.28,9.18,9.18,11069,0.0,0.0,1000.0,10069
2026-09-21,1414.TW,東和,17.35,17.35,17.0,17.25,334099,13757.0,0.0,1000.0,319342
2026-09-21,1416.TW,廣豐,11.45,11.5,11.3,11.35,147334,-64276.0,0.0,2000.0,81058
2026-09-21,1417.TW,嘉裕,8.12,8.12,7.97,8.02,90922,-6000.0,0.0,2000.0,82922
2026-09-21,1418.TW,東華,17.5,17.65,17.35,17.55,68257,3000.0,0.0,0.0,65257
2026-09-21,1419.TW,新紡,66.4,66.6,66.1,66.1,16507,-1000.0,0.0,2000.0,13507
2026-09-21,1423.TW,利華,36.2,36.2,34.75,34.75,13652,-1000.0,0.0,2000.0,10652
2026-09-21,1432.TW,大魯閣,15.0,15.05,14.9,15.0,93657,6000.0,0.0,1000.0,86657
2026-09-21,1434.TW,福懋,17.8,18.1,17.75,18.0,1632231,689009.0,2000.0,19000.0,922222
2026-09-21,1435.TW,中福,22.9,23.55,22.9,23.1,7482,-2000.0,0.0,2000.0,3482
2026-09-21,1436.TW,華友聯,38.65,38.65,37.35,37.4,137613,-70000.0,0.0,2000.0,65613
2026-09-21,1437.TW,勤益控,32.95,33.0,32.7,33.0,103911,-22530.0,0.0,2000.0,79381
2026-09-21,1438.TW,三地開發,22.5,22.5,21.7,21.95,29862,-7000.0,0.0,2000.0,20862
2026-09-21,1439.TW,雋揚,29.45,29.45,29.15,29.35,44116,4000.0,0.0,1000.0,39116
2026-09-21,1440.TW,南紡,13.45,13.6,13.35,13.4,1453601,302736.0,0.0,19000.0,1131865
2026-09-21,1442.TW,名軒,31.7,31.8,31.4,31.6,1043362,-198000.0,0.0,3925.0,841437
2026-09-21,1443.TW,立益物流,23.9,23.9,23.8,23.8,2092,0.0,0.0,1000.0,1092
2026-09-21,1444.TW,力麗,6.88,6.99,6.87,6.93,572463,138076.0,0.0,-53000.0,381387
2026-09-21,1445.TW,大宇,10.3,10.3,10.15,10.25,12011,4000.0,0.0,1000.0,7011
2026-09-21,1446.TW,宏和,13.8,13.85,13.75,13.85,192070,-92000.0,0.0,2000.0,98070
2026-09-21,1447.TW,力鵬,6.47,6.53,6.45,6.49,617263,117704.0,0.0,10000.0,489559
2026-09-21,1449.TW,佳和,12.2,12.65,12.2,12.55,413571,108442.0,0.0,545.0,304584
2026-09-21,1451.TW,年興,17.05,17.1,17.0,17.1,106114,2000.0,0.0,2000.0,102114
2026-09-21,1452.TW,宏益,10.8,11.3,10.8,10.9,63272,-10.0,0.0,0.0,63262
2026-09-21,1453.TW,大將,11.25,11.25,10.9,11.0,27505,0.0,0.0,2000.0,25505
2026-09-21,1454.TW,台富,12.55,12.55,12.4,12.45,18762,-1000.0,0.0,2000.0,15762
2026-09-21,1455.TW,集盛,9.95,9.95,9.76,9.77,483707,-191012.0,0.0,5207.0,287488
2026-09-21,1456.TW,怡華,14.25,14.6,14.15,14.5,150402,-5000.0,0.0,-3000.0,142402
2026-09-21,1457.TW,宜進,14.45,14.55,14.3,14.5,74546,-20000.0,0.0,6000.0,48546
2026-09-21,1459.TW,聯發,15.85,15.85,15.65,15.75,35319,7000.0,0.0,2000.0,26319
2026-09-21,1460.TW,宏遠,6.38,6.38,6.32,6.34,145789,2000.0,0.0,9000.0,134789
2026-09-21,1463.TW,強盛新,17.6,17.6,17.15,17.6,86291,29000.0,0.0,1000.0,56291
2026-09-21,1464.TW,得力,9.95,10.05,9.93,9.95,314906,-22716.0,0.0,-7000.0,285190
2026-09-21,1465.TW,偉全,11.65,11.8,11.55,11.55,190789,-29000.0,0.0,1000.0,160789
2026-09-21,1466.TW,聚隆,14.95,15.25,14.75,15.1,341388,59978.0,0.0,0.0,281410
2026-09-21,1467.TW,南緯,8.1,8.13,8.06,8.09,48497,-7000.0,0.0,1000.0,40497
2026-09-21,1468.TW,昶和,13.2,13.3,13.05,13.1,39000,0.0,0.0,2000.0,37000
2026-09-21,1470.TW,大統新創,24.5,24.5,24.45,24.5,24000,1000.0,0.0,0.0,23000
2026-09-21,1471.TW,首利,9.37,9.7,9.37,9.6,309644,56002.0,0.0,-1000.0,252642
2026-09-21,1472.TW,三洋實業,85.9,88.4,85.9,87.3,129376,17000.0,0.0,-18000.0,94376
2026-09-21,1473.TW,台南,19.55,19.65,19.55,19.6,37372,-21000.0,0.0,1000.0,15372
2026-09-21,1474.TW,弘裕,10.05,10.1,9.98,10.05,36177,-4000.0,0.0,1000.0,31177
2026-09-21,1475.TW,業旺,26.3,26.3,25.9,26.1,10040,0.0,0.0,1000.0,9040
2026-09-21,1476.TW,儒鴻,284.0,285.0,279.0,279.0,1124231,-698357.0,7748.0,3950.0,414176
2026-09-21,1477.TW,聚陽,194.5,194.5,191.0,191.5,938292,-258638.0,167504.0,-2740.0,509410
2026-09-21,1503.TW,士電,200.0,200.5,198.5,198.5,596250,-10493.0,-4000.0,10385.0,571372
2026-09-21,1504.TW,東元,69.8,69.9,69.1,69.1,4717440,-1416402.0,-7000.0,105696.0,3188342
2026-09-21,1506.TW,正道,9.8,9.84,9.71,9.8,159815,8000.0,0.0,1000.0,150815
2026-09-21,1512.TW,瑞利,6.26,6.32,6.18,6.26,43947,10000.0,0.0,-1000.0,32947
2026-09-21,1513.TW,中興電,167.0,168.0,166.0,166.5,2036486,176389.0,394999.0,67743.0,1397355
2026-09-21,1514.TW,亞力,102.0,103.5,101.0,102.5,921067,484198.0,0.0,1853.0,435016
2026-09-21,1515.TW,力山,30.6,30.65,30.1,30.15,413863,-57519.0,0.0,3280.0,353064
2026-09-21,1516.TW,川飛,13.55,13.55,13.35,13.45,62290,9000.0,0.0,0.0,53290
2026-09-21,1517.TW,利奇,10.45,10.55,10.4,10.45,97835,-25723.0,0.0,3000.0,69112
2026-09-21,1519.TW,華城,726.0,726.0,717.0,718.0,463781,-38879.0,-1000.0,-10091.0,413811
2026-09-21,1521.TW,大億,25.0,25.0,24.65,24.9,33204,6000.0,0.0,0.0,27204
2026-09-21,1522.TW,堤維西,26.0,26.5,25.85,26.45,204963,23850.0,0.0,3949.0,177164
2026-09-21,1524.TW,耿鼎,26.05,26.4,26.0,26.4,169914,62185.0,0.0,2000.0,105729
2026-09-21,1525.TW,江申,65.6,65.7,64.4,64.6,8000,2000.0,0.0,1000.0,5000
2026-09-21,1526.TW,日馳,15.0,15.05,14.95,15.0,34818,-3000.0,0.0,1000.0,30818
2026-09-21,1527.TW,鑽全,32.2,32.5,32.1,32.45,115230,42341.0,0.0,2000.0,70889
2026-09-21,1528.TW,恩德,25.55,27.05,25.35,27.05,23401861,2676006.0,0.0,76346.0,20649509
2026-09-21,1529.TW,樂事綠能,15.4,16.35,15.2,16.35,1517201,-138545.0,0.0,2000.0,1376656
2026-09-21,1530.TW,亞崴,27.1,27.2,26.7,26.95,36179,-3000.0,0.0,1824.0,31355
2026-09-21,1531.TW,高林股,11.8,11.8,11.65,11.75,50367,-4000.0,0.0,2000.0,44367
2026-09-21,1532.TW,勤美,22.85,22.85,22.55,22.75,211058,-51261.0,0.0,3999.0,155798
2026-09-21,1533.TW,車王電,30.85,30.85,30.0,30.5,78874,11000.0,0.0,0.0,67874
2026-09-21,1535.TW,中宇,45.9,45.95,45.45,45.95,34126,-3000.0,0.0,2000.0,29126
2026-09-21,1536.TW,和大,46.5,46.9,46.3,46.75,482448,100019.0,0.0,9591.0,372838
2026-09-21,1537.TW,廣隆,116.0,116.5,115.5,116.0,62969,-6000.0,0.0,842.0,56127
2026-09-21,1538.TW,正峰,8.3,8.3,8.3,8.3,3452,0.0,0.0,0.0,3452
2026-09-21,1539.TW,巨庭,15.55,15.75,15.55,15.7,30502,1000.0,0.0,1000.0,28502
2026-09-21,1540.TW,喬福,19.55,19.65,19.5,19.6,91457,26000.0,0.0,1000.0,64457
2026-09-21,1541.TW,錩泰,21.15,21.2,21.0,21.0,6000,-4000.0,0.0,0.0,2000
2026-09-21,1558.TW,伸興,110.5,111.0,110.0,111.0,74255,-25000.0,0.0,1000.0,48255
2026-09-21,1560.TW,中砂,903.0,916.0,861.0,914.0,5320084,497876.0,509000.0,-67974.0,4245234
2026-09-21,1563.TW,巧新,73.8,74.0,73.0,73.5,290153,-142656.0,0.0,2000.0,145497
2026-09-21,1568.TW,倉佑,30.55,31.85,30.55,31.3,352970,-24390.0,0.0,1420.0,327160
2026-09-21,1582.TW,信錦,70.9,71.3,70.5,71.1,193170,-2444.0,0.0,97.0,190629
2026-09-21,1583.TW,程泰,47.2,47.8,46.8,47.5,26002,10000.0,0.0,1000.0,15002
2026-09-21,1587.TW,吉茂,23.5,24.0,23.4,23.95,77454,31000.0,0.0,0.0,46454
2026-09-21,1590.TW,亞德客-KY,1240.0,1255.0,1225.0,1240.0,1001473,-242181.0,-2000.0,3480.0,753812
2026-09-21,1597.TW,直得,139.5,140.5,137.5,138.0,632362,-27898.0,0.0,-1718.0,602746
2026-09-21,1598.TW,岱宇,20.15,21.05,20.15,20.85,329897,116988.0,0.0,3000.0,209909
2026-09-21,1603.TW,華電,30.3,30.4,30.0,30.1,69760,17000.0,0.0,2000.0,50760
2026-09-21,1604.TW,聲寶,23.55,23.6,23.5,23.55,121786,-29587.0,0.0,4000.0,88199
2026-09-21,1605.TW,華新,37.2,37.7,36.85,37.1,13068814,3076871.0,7000.0,165358.0,9819585
2026-09-21,1608.TW,華榮,35.8,36.0,35.7,35.85,1103345,93000.0,0.0,-6523.0,1003822
2026-09-21,1609.TW,大亞,38.0,38.25,37.85,37.95,2694678,-106068.0,0.0,77280.0,2511330
2026-09-21,1611.TW,中電,11.1,11.4,11.05,11.35,3186347,1029513.0,0.0,-233000.0,1923834
2026-09-21,1612.TW,宏泰,35.05,35.25,34.85,35.0,209129,68000.0,0.0,-990.0,140139
2026-09-21,1614.TW,三洋電,31.05,31.55,31.05,31.2,94778,10000.0,0.0,3000.0,81778
2026-09-21,1615.TW,大山,43.1,43.1,42.5,43.0,92055,40000.0,0.0,2000.0,50055
2026-09-21,1616.TW,億泰,18.45,18.5,18.25,18.4,347560,160000.0,0.0,2652.0,184908
2026-09-21,1617.TW,榮星,18.55,20.1,18.45,19.4,1114478,42914.0,0.0,1999.0,1069565
2026-09-21,1618.TW,合機,39.55,39.55,39.0,39.05,252960,-27102.0,0.0,153.0,225705
2026-09-21,1623.TW,大東電,204.5,204.5,202.0,202.5,88969,-32066.0,0.0,291.0,56612
2026-09-21,1626.TW,艾美特-KY,9.75,9.75,9.65,9.75,75593,5000.0,0.0,0.0,70593
2026-09-21,1702.TW,南僑,32.95,33.45,32.95,33.25,294393,87574.0,0.0,2000.0,204819
2026-09-21,1707.TW,葡萄王,87.3,88.1,86.9,87.3,182970,-76987.0,0.0,1795.0,104188
2026-09-21,1708.TW,東鹼,51.2,51.2,50.2,50.6,1266067,-312020.0,0.0,-9694.0,944353
2026-09-21,1709.TW,和益,39.2,43.1,39.05,43.1,27383341,3512168.0,0.0,145629.0,23725544
2026-09-21,1710.TW,東聯,16.35,17.15,16.25,17.0,7132841,2313378.0,0.0,417914.0,4401549
2026-09-21,1711.TW,永光,39.65,39.95,39.35,39.4,2092822,163183.0,0.0,8330.0,1921309
2026-09-21,1712.TW,興農,40.0,40.05,39.85,39.9,269013,-180000.0,57842.0,4855.0,26316
2026-09-21,1713.TW,國化,41.7,41.7,41.45,41.5,295496,-121830.0,0.0,2000.0,171666
2026-09-21,1714.TW,和桐,15.7,16.05,15.55,15.95,6256933,1443052.0,0.0,-24068.0,4789813
2026-09-21,1717.TW,長興,72.2,72.8,71.6,71.7,3909748,-822772.0,3000.0,8774.0,3075202
2026-09-21,1718.TW,中纖,10.6,10.85,10.6,10.75,8391918,2483804.0,0.0,635011.0,5273103
2026-09-21,1720.TW,生達,56.0,56.0,55.8,56.0,90820,-19100.0,0.0,2235.0,69485
2026-09-21,1721.TW,國慶科技,22.0,24.2,22.0,24.2,2190831,322000.0,0.0,0.0,1868831
2026-09-21,1722.TW,台肥,42.7,42.85,42.1,42.2,2388742,-684745.0,1000.0,-9000.0,1693997
2026-09-21,1723.TW,中碳,80.7,81.2,80.4,80.7,288703,-113000.0,0.0,1009.0,174694
2026-09-21,1725.TW,元禎,34.5,34.5,33.8,34.35,76595,25000.0,0.0,3000.0,48595
2026-09-21,1726.TW,永記,76.8,77.7,76.6,76.7,24247,-7000.0,0.0,1000.0,16247
2026-09-21,1727.TW,中華化,107.0,109.5,100.5,103.0,7483460,-1609254.0,0.0,-61213.0,5812993
2026-09-21,1730.TW,花仙子,51.3,51.3,51.3,51.3,19014,-1000.0,0.0,1000.0,17014
2026-09-21,1731.TW,美吾華,20.8,20.95,20.8,20.9,65272,11000.0,0.0,1000.0,53272
2026-09-21,1732.TW,毛寶,26.1,26.1,25.95,26.05,46145,3000.0,0.0,1000.0,42145
2026-09-21,1733.TW,五鼎,30.6,30.6,30.25,30.4,58760,-8000.0,0.0,2000.0,48760
2026-09-21,1734.TW,杏輝,32.1,32.1,31.5,32.0,355060,-215778.0,0.0,1000.0,138282
2026-09-21,1735.TW,日勝化,20.45,20.6,20.4,20.55,33666,10000.0,0.0,1839.0,21827
2026-09-21,1736.TW,喬山,126.0,126.0,123.0,123.0,392367,-75919.0,-62000.0,2243.0,252205
2026-09-21,1737.TW,臺鹽,29.75,30.3,29.75,30.3,1267842,360823.0,0.0,2000.0,905019
2026-09-21,1752.TW,南光,31.4,31.55,31.3,31.3,27320,-4000.0,0.0,2000.0,21320
2026-09-21,1760.TW,寶齡富錦,53.7,54.4,53.7,54.0,64536,-1000.0,0.0,1000.0,62536
2026-09-21,1762.TW,中化生,33.8,34.2,33.8,33.9,29739,4000.0,0.0,-108.0,25631
2026-09-21,1773.TW,勝一,164.0,164.0,161.5,161.5,214448,-57252.0,1000.0,-16400.0,139796
2026-09-21,1776.TW,展宇,18.3,18.4,18.25,18.4,24234,4000.0,0.0,1000.0,19234
2026-09-21,1783.TW,和康生,36.75,36.75,36.4,36.5,63311,1000.0,0.0,-9000.0,53311
2026-09-21,1786.TW,科妍,44.1,44.2,43.75,43.85,126935,-11786.0,0.0,-59.0,115090
2026-09-21,1789.TW,神隆,19.0,19.3,18.85,19.15,363137,16294.0,0.0,10000.0,336843
2026-09-21,1795.TW,美時,180.5,180.5,178.0,178.0,389932,-107000.0,1000.0,-131.0,281801
2026-09-21,1802.TW,台玻,59.3,60.5,58.5,60.1,19550629,4389882.0,4000.0,1069544.0,14087203
2026-09-21,1805.TW,寶徠,10.15,10.25,10.15,10.25,55988,-1000.0,0.0,1000.0,53988
2026-09-21,1806.TW,冠軍,7.98,8.03,7.97,8.02,93870,1810.0,0.0,4000.0,88060
2026-09-21,1808.TW,潤隆,36.0,36.35,35.35,35.9,1730674,501100.0,0.0,10000.0,1219574
2026-09-21,1809.TW,中釉,38.6,39.9,38.2,39.0,1670248,711998.0,0.0,4611.0,953639
2026-09-21,1810.TW,和成,24.15,24.15,23.75,23.9,1257945,232027.0,0.0,5998.0,1019920
2026-09-21,1817.TW,凱撒衛,40.5,40.5,40.35,40.5,45322,-3000.0,0.0,1000.0,41322
2026-09-21,1903.TW,士紙,46.8,47.35,46.55,47.1,51232,26000.0,0.0,2859.0,22373
2026-09-21,1904.TW,正隆,24.75,24.75,24.5,24.55,784060,-57427.0,0.0,-25000.0,701633
2026-09-21,1905.TW,華紙,13.3,13.3,13.15,13.2,1089827,88011.0,0.0,20543.0,981273
2026-09-21,1906.TW,寶隆,10.9,10.9,10.75,10.85,35750,-12000.0,0.0,1000.0,22750
2026-09-21,1907.TW,永豐餘,29.25,29.35,28.85,28.9,633351,-369247.0,4000.0,21000.0,239104
2026-09-21,1909.TW,榮成,10.15,10.25,10.1,10.15,1316874,-488000.0,0.0,13000.0,815874
2026-09-21,2002.TW,中鋼,18.8,18.8,18.65,18.65,28536026,-19712424.0,14000.0,88166.0,8721436
2026-09-21,2006.TW,東和鋼鐵,86.9,87.2,85.0,85.5,1618283,-161520.0,1000.0,16396.0,1439367
2026-09-21,2007.TW,燁興,6.99,6.99,6.83,6.91,94590,20000.0,0.0,5000.0,69590
2026-09-21,2008.TW,高興昌,30.85,30.9,30.5,30.6,13780,1000.0,0.0,2000.0,10780
2026-09-21,2009.TW,第一銅,39.75,39.95,39.15,39.5,955791,255110.0,0.0,7243.0,693438
2026-09-21,2010.TW,春源,22.15,22.15,21.75,21.8,790708,75340.0,0.0,6620.0,708748
2026-09-21,2012.TW,春雨,14.05,14.2,14.0,14.2,157819,23000.0,0.0,3000.0,131819
2026-09-21,2013.TW,中鋼構,41.65,41.65,41.15,41.35,24787,3000.0,0.0,2000.0,19787
2026-09-21,2014.TW,中鴻,16.65,16.7,16.55,16.55,830007,-57080.0,0.0,16000.0,756927
2026-09-21,2015.TW,豐興,65.2,65.2,63.8,64.7,161695,-50981.0,0.0,7000.0,103714
2026-09-21,2017.TW,官田鋼,8.89,8.97,8.8,8.92,233888,-28178.0,0.0,40000.0,165710
2026-09-21,2020.TW,美亞,21.5,21.6,21.4,21.4,253900,-39000.0,0.0,3000.0,211900
2026-09-21,2022.TW,聚亨,7.22,7.22,7.13,7.13,224423,-40555.0,0.0,4000.0,179868
2026-09-21,2023.TW,燁輝,13.7,13.7,13.6,13.6,847867,-353375.0,3000.0,21000.0,470492
2026-09-21,2024.TW,志聯,12.85,12.95,12.85,12.95,6455,-1000.0,0.0,0.0,5455
2026-09-21,2025.TW,千興,12.4,12.4,12.25,12.4,221716,25146.0,0.0,2000.0,194570
2026-09-21,2027.TW,大成鋼,47.6,47.65,46.6,46.65,5906011,-1688399.0,-6000.0,-154121.0,4057491
2026-09-21,2028.TW,威致,15.6,15.95,15.55,15.95,130980,-69000.0,0.0,3000.0,58980
2026-09-21,2029.TW,盛餘,20.95,21.3,20.95,21.2,428143,62164.0,0.0,-45000.0,320979
2026-09-21,2030.TW,彰源,24.8,24.8,23.95,24.8,3483382,-1195849.0,0.0,-62000.0,2225533
2026-09-21,2031.TW,新光鋼,45.0,45.0,44.3,44.65,238936,-49142.0,0.0,-751.0,189043
2026-09-21,2032.TW,新鋼,17.05,17.05,16.8,17.0,153099,-20015.0,0.0,1999.0,131085
2026-09-21,2033.TW,佳大,33.05,35.25,32.0,33.95,4526603,24474.0,0.0,-2737.0,4499392
2026-09-21,2034.TW,允強,21.5,21.55,21.15,21.45,950186,147551.0,0.0,5567.0,797068
2026-09-21,2038.TW,海光,12.15,12.2,12.0,12.05,140962,9792.0,0.0,1000.0,130170
2026-09-21,2049.TW,上銀,339.0,339.0,332.5,334.0,1300568,66556.0,1000.0,3935.0,1229077
2026-09-21,2059.TW,川湖,13000.0,13050.0,12510.0,12800.0,542518,-114412.0,14005.0,-1916.0,412185
2026-09-21,2062.TW,橋椿,18.35,18.35,18.0,18.05,369068,42450.0,0.0,5999.0,320619
2026-09-21,2069.TW,運錩,24.5,24.5,23.7,24.2,648408,13289.0,0.0,-2000.0,633119
2026-09-21,2072.TW,世紀風電,133.0,133.0,129.0,129.0,224196,-63499.0,0.0,2000.0,158697
2026-09-21,2101.TW,南港,30.7,30.7,30.5,30.5,4264129,-126501.0,0.0,7765.0,4129863
2026-09-21,2102.TW,泰豐,17.3,17.3,17.0,17.05,1314741,-245000.0,0.0,5000.0,1064741
2026-09-21,2103.TW,台橡,27.9,27.95,27.4,27.8,1778319,-213946.0,0.0,-51422.0,1512951
2026-09-21,2104.TW,國際中橡,10.45,10.6,10.45,10.6,1297102,141891.0,0.0,11000.0,1144211
2026-09-21,2105.TW,正新,30.0,30.25,29.95,30.05,2281678,-592000.0,52000.0,51635.0,1586043
2026-09-21,2106.TW,建大,16.5,16.6,16.45,16.6,7345544,-133000.0,0.0,11000.0,7201544
2026-09-21,2107.TW,厚生,27.05,27.3,27.0,27.05,237491,-122751.0,0.0,2000.0,112740
2026-09-21,2108.TW,南帝,28.75,28.95,28.65,28.85,235753,-24001.0,0.0,6066.0,205686
2026-09-21,2109.TW,華豐,14.8,14.85,14.7,14.75,38425,-367.0,0.0,3000.0,35058
2026-09-21,2114.TW,鑫永銓,89.4,89.7,89.1,89.7,29365,-4000.0,0.0,1000.0,24365
2026-09-21,2115.TW,六暉-KY,23.7,24.0,23.65,23.85,37710,4000.0,0.0,1000.0,32710
2026-09-21,2201.TW,裕隆,29.7,29.95,29.2,29.25,4093458,-1773000.0,1000.0,56764.0,2262694
2026-09-21,2204.TW,中華,52.7,53.1,52.5,52.7,398998,-46000.0,59952.0,6696.0,286350
2026-09-21,2206.TW,三陽工業,64.1,64.1,63.3,63.8,411369,124495.0,3000.0,8000.0,275874
2026-09-21,2207.TW,和泰車,535.0,535.0,523.0,523.0,152604,-108409.0,5000.0,6696.0,32499
2026-09-21,2208.TW,台船,19.2,19.3,19.0,19.2,1615611,475713.0,0.0,13000.0,1126898
2026-09-21,2211.TW,長榮鋼,80.8,80.8,80.2,80.4,386203,-240000.0,0.0,4451.0,141752
2026-09-21,2227.TW,裕日車,46.0,46.0,45.25,45.4,49190,885.0,0.0,4000.0,44305
2026-09-21,2228.TW,劍麟,74.3,75.4,73.9,74.0,401050,118948.0,0.0,-14000.0,268102
2026-09-21,2231.TW,為升,91.8,93.4,91.1,93.3,177980,76303.0,0.0,3230.0,98447
2026-09-21,2233.TW,宇隆,162.0,163.5,160.5,160.5,219215,-16000.0,0.0,1792.0,201423
2026-09-21,2236.TW,百達-KY,115.0,115.0,109.0,109.0,592981,24365.0,0.0,24551.0,544065
2026-09-21,2237.TW,華德動能-創,27.15,27.25,27.1,27.1,59369,-14000.0,0.0,0.0,45369
2026-09-21,2239.TW,英利-KY,19.0,19.25,18.5,18.7,329073,25000.0,0.0,3787.0,300286
2026-09-21,2241.TW,艾姆勒,35.05,37.35,34.5,37.35,1533116,-216000.0,0.0,1645.0,1315471
2026-09-21,2243.TW,宏旭-KY,49.8,54.0,49.4,54.0,765164,121750.0,0.0,1141.0,642273
2026-09-21,2247.TW,汎德永業,230.0,231.5,229.5,231.5,29370,8111.0,5025.0,1000.0,15234
2026-09-21,2248.TW,華勝-KY,61.5,61.5,60.5,60.5,3040,0.0,0.0,0.0,3040
2026-09-21,2250.TW,IKKA-KY,56.9,57.3,56.3,56.8,28410,-17000.0,0.0,0.0,11410
2026-09-21,2254.TW,巨鎧精密-創,76.8,78.8,76.8,78.8,1483546,302000.0,0.0,978.0,1180568
2026-09-21,2258.TW,鴻華先進-創,31.5,31.5,31.0,31.35,254616,-120117.0,0.0,23439.0,111060
2026-09-21,2301.TW,光寶科,289.0,294.0,281.5,288.5,16254104,1657198.0,-162084.0,427910.0,14006912
2026-09-21,2302.TW,麗正,44.85,45.15,43.7,44.15,2658334,94741.0,0.0,1000.0,2562593
2026-09-21,2303.TW,聯電,156.5,159.0,153.0,157.0,158568199,-5725538.0,7900796.0,3606620.0,141335245
2026-09-21,2305.TW,全友,59.1,61.9,55.5,58.8,9399397,148728.0,0.0,-27465.0,9223204
2026-09-21,2308.TW,台達電,1750.0,1885.0,1740.0,1875.0,19102054,2274214.0,3392561.0,899725.0,12535554
2026-09-21,2312.TW,金寶,31.1,31.55,31.0,31.3,5842601,2526552.0,3000.0,124465.0,3188584
2026-09-21,2313.TW,華通,228.0,228.5,219.0,222.0,22722962,-8496526.0,-1032430.0,-178419.0,13015587
2026-09-21,2314.TW,台揚,10.65,11.5,10.65,11.5,210457,-1000.0,0.0,0.0,209457
2026-09-21,2316.TW,楠梓電,156.0,158.5,155.5,156.0,839410,-158950.0,0.0,12212.0,668248
2026-09-21,2317.TW,鴻海,251.5,252.0,249.0,250.0,16771284,-5703695.0,406651.0,-4330.0,10656608
2026-09-21,2321.TW,東訊,27.6,27.6,26.0,26.0,4626,0.0,0.0,0.0,4626
2026-09-21,2323.TW,中環,10.8,10.9,10.75,10.8,3610061,573898.0,0.0,64000.0,2972163
2026-09-21,2324.TW,仁寶,38.05,38.5,37.6,37.6,27563778,-9828289.0,-38573.0,-217409.0,17479507
2026-09-21,2327.TW,國巨*,556.0,579.0,556.0,557.0,27387944,1155616.0,687326.0,405292.0,25139710
2026-09-21,2328.TW,廣宇,46.8,48.15,46.2,47.75,3335413,1029360.0,0.0,142479.0,2163574
2026-09-21,2329.TW,華泰,44.5,44.9,44.0,44.0,3381474,-904000.0,0.0,17522.0,2459952
2026-09-21,2330.TW,台積電,2445.0,2485.0,2445.0,2480.0,16086510,2689504.0,734606.0,614602.0,12047798
2026-09-21,2331.TW,精英,19.05,19.45,18.8,19.4,1485484,714346.0,0.0,2000.0,769138
2026-09-21,2332.TW,友訊,19.5,20.6,19.5,20.55,16764492,-603425.0,0.0,86518.0,16074549
2026-09-21,2337.TW,旺宏,123.5,124.5,119.5,120.0,26114015,-3069476.0,-2000.0,-91880.0,22950659
2026-09-21,2338.TW,光罩,50.0,51.2,48.5,49.05,12226301,-862735.0,0.0,-246645.0,11116921
2026-09-21,2340.TW,台亞,34.4,34.7,34.0,34.5,2473700,224006.0,0.0,55019.0,2194675
2026-09-21,2342.TW,茂矽,41.15,41.75,40.45,41.0,2115154,69006.0,0.0,2014.0,2044134
2026-09-21,2344.TW,華邦電,180.0,180.0,174.0,174.0,76635914,-23211982.0,-855220.0,-1234113.0,51334599
2026-09-21,2345.TW,智邦,1840.0,1880.0,1810.0,1840.0,3499481,182324.0,-785580.0,115622.0,2415955
2026-09-21,2347.TW,聯強,90.8,91.0,89.1,89.8,4649153,-485858.0,-31000.0,15258.0,4117037
2026-09-21,2348.TW,海悅,73.9,73.9,72.3,73.0,432867,12780.0,0.0,-1162.0,418925
2026-09-21,2349.TW,錸德,10.4,10.5,10.35,10.4,1713124,412226.0,0.0,7000.0,1293898
2026-09-21,2351.TW,順德,243.0,243.5,236.0,236.5,2557086,-236800.0,0.0,-15425.0,2304861
2026-09-21,2352.TW,佳世達,29.45,29.8,29.25,29.6,8883719,2916780.0,0.0,65973.0,5900966
2026-09-21,2353.TW,宏碁,32.05,32.6,32.0,32.15,13720271,3290238.0,44227.0,-708071.0,9677735
2026-09-21,2354.TW,鴻準,65.5,65.5,64.7,64.9,6500860,-2359140.0,3000.0,-105936.0,4032784
2026-09-21,2355.TW,敬鵬,41.05,41.5,40.95,41.3,1131618,243000.0,0.0,-77141.0,811477
2026-09-21,2356.TW,英業達,62.3,62.6,61.5,61.8,6876074,-988043.0,-518874.0,80281.0,5288876
2026-09-21,2357.TW,華碩,973.0,973.0,943.0,946.0,2037308,-561949.0,-7202.0,-19188.0,1448969
2026-09-21,2359.TW,所羅門,132.0,132.5,129.5,132.0,1587213,-5000.0,0.0,127878.0,1454335
2026-09-21,2360.TW,致茂,2515.0,2515.0,2315.0,2375.0,3796584,594191.0,-264075.0,-29209.0,2909109
2026-09-21,2362.TW,藍天,48.05,48.45,48.05,48.25,279293,10498.0,0.0,6000.0,262795
2026-09-21,2363.TW,矽統,54.7,59.0,54.7,59.0,14131099,3954180.0,0.0,665917.0,9511002
2026-09-21,2364.TW,倫飛,65.1,68.2,64.5,67.5,371238,84217.0,0.0,0.0,287021
2026-09-21,2365.TW,昆盈,28.25,29.3,28.2,29.2,966559,358227.0,0.0,2000.0,606332
2026-09-21,2367.TW,燿華,40.8,41.9,40.8,41.8,3540050,551118.0,0.0,92541.0,2896391
2026-09-21,2368.TW,金像電,1020.0,1050.0,1000.0,1045.0,7314499,-1587862.0,-134046.0,377818.0,5214773
2026-09-21,2369.TW,菱生,31.55,33.6,31.55,32.25,22679351,-1943913.0,0.0,25341.0,20710097
2026-09-21,2371.TW,大同,29.0,30.35,29.0,30.0,21014487,8130762.0,-861.0,299722.0,12583142
2026-09-21,2373.TW,震旦行,53.0,53.1,52.6,53.1,21013,-3000.0,0.0,1000.0,17013
2026-09-21,2374.TW,佳能,67.8,67.9,67.3,67.3,1469145,-196000.0,0.0,3521.0,1269624
2026-09-21,2375.TW,凱美,120.5,123.0,118.0,118.5,2369137,-410874.0,0.0,1025.0,1957238
2026-09-21,2376.TW,技嘉,360.0,376.0,355.0,368.0,11634817,570476.0,37442.0,-112629.0,10914270
2026-09-21,2377.TW,微星,154.0,156.5,153.0,153.0,5796230,794077.0,31000.0,182010.0,4789143
2026-09-21,2379.TW,瑞昱,733.0,743.0,724.0,740.0,2964925,1612927.0,-18453.0,112436.0,1221109
2026-09-21,2380.TW,虹光,17.0,17.1,16.5,16.5,123846,4000.0,0.0,0.0,119846
2026-09-21,2382.TW,廣達,344.0,344.5,339.0,344.5,8285050,-1255121.0,1675299.0,95374.0,5259256
2026-09-21,2383.TW,台光電,4900.0,4945.0,4795.0,4895.0,2394262,369859.0,-772021.0,90813.0,1161569
2026-09-21,2385.TW,群光,107.0,107.0,105.0,105.5,1252368,-46954.0,-89011.0,-30128.0,1086275
2026-09-21,2387.TW,精元,36.85,37.15,36.5,37.05,208476,-408.0,40293.0,2000.0,165775
2026-09-21,2388.TW,威盛,70.5,70.9,69.5,69.7,2376608,-859908.0,0.0,4086.0,1512614
2026-09-21,2390.TW,云辰,10.2,10.3,10.05,10.25,339673,146310.0,0.0,6000.0,187363
2026-09-21,2392.TW,正崴,42.05,44.85,41.05,44.55,5140025,827872.0,0.0,352341.0,3959812
2026-09-21,2393.TW,億光,64.4,64.6,63.9,64.2,747378,-175324.0,119137.0,1186.0,451731
2026-09-21,2395.TW,研華,688.0,712.0,688.0,706.0,2085226,720210.0,51916.0,67872.0,1245228
2026-09-21,2397.TW,友通,60.8,62.2,60.8,61.8,170106,42000.0,0.0,1000.0,127106
2026-09-21,2399.TW,映泰,48.55,51.0,48.2,49.45,11211179,3782389.0,0.0,74745.0,7354045
2026-09-21,2401.TW,凌陽,25.5,26.45,25.5,26.25,4848287,-83709.0,0.0,58221.0,4706357
2026-09-21,2402.TW,毅嘉,54.5,54.8,53.8,54.0,758230,-63000.0,0.0,-40239.0,654991
2026-09-21,2404.TW,漢唐,1125.0,1160.0,1090.0,1130.0,2092541,-603031.0,572000.0,-7876.0,909634
2026-09-21,2405.TW,輔信,15.15,15.3,15.05,15.2,788492,255000.0,0.0,4000.0,529492
2026-09-21,2406.TW,國碩,28.35,30.4,28.05,30.4,12317610,75000.0,0.0,42264.0,12200346
2026-09-21,2408.TW,南亞科,525.0,528.0,513.0,516.0,34499395,-4122631.0,-38146.0,-145219.0,30193399
2026-09-21,2409.TW,友達,31.85,33.35,31.8,33.35,822971740,235893466.0,-27329.0,22412688.0,564638257
2026-09-21,2412.TW,中華電,145.0,145.0,143.0,144.5,9034372,1074976.0,305371.0,105000.0,7549025
2026-09-21,2413.TW,環科,53.2,58.4,52.6,54.0,24916387,1080400.0,0.0,63830.0,23772157
2026-09-21,2414.TW,精技,53.5,53.5,52.5,52.9,144199,-52985.0,0.0,-5000.0,86214
2026-09-21,2415.TW,錩新,27.25,27.25,27.05,27.15,48330,4000.0,0.0,1000.0,43330
2026-09-21,2417.TW,圓剛,39.2,39.6,38.9,39.3,341658,76070.0,0.0,3000.0,262588
2026-09-21,2419.TW,仲琦,28.15,30.65,27.8,30.65,10193931,1058822.0,0.0,81399.0,9053710
2026-09-21,2420.TW,新巨,53.5,53.9,53.4,53.8,96630,-5000.0,0.0,1573.0,90057
2026-09-21,2421.TW,建準,170.5,170.5,166.0,166.5,1442731,-17295.0,-29000.0,-35373.0,1361063
2026-09-21,2423.TW,固緯,73.5,74.2,73.5,74.1,35506,6000.0,0.0,2000.0,27506
2026-09-21,2424.TW,隴華,7.93,8.05,7.93,8.01,15010,-2000.0,0.0,0.0,13010
2026-09-21,2425.TW,承啟,37.0,38.2,36.9,38.1,884121,82073.0,0.0,-2344.0,799704
2026-09-21,2426.TW,鼎元,102.0,103.0,99.6,99.8,21381046,-1979143.0,0.0,-102132.0,19299771
2026-09-21,2427.TW,三商電,24.4,24.55,23.8,23.8,1734660,8850.0,0.0,2000.0,1723810
2026-09-21,2428.TW,興勤,260.5,265.0,258.0,258.5,1000263,-215000.0,0.0,6637.0,778626
2026-09-21,2429.TW,銘旺科,31.15,32.05,30.8,32.05,270513,133077.0,0.0,0.0,137436
2026-09-21,2430.TW,燦坤,18.0,18.1,18.0,18.1,19291,7000.0,0.0,0.0,12291
2026-09-21,2431.TW,聯昌,10.1,10.25,10.05,10.25,96772,4000.0,0.0,1000.0,91772
2026-09-21,2432.TW,倚天酷碁-創,27.35,27.45,27.35,27.45,10000,-3000.0,0.0,0.0,7000
2026-09-21,2433.TW,互盛電,40.6,40.6,40.0,40.35,36103,-1000.0,0.0,2000.0,33103
2026-09-21,2434.TW,統懋,63.0,63.8,60.7,60.7,372420,-51905.0,0.0,0.0,320515
2026-09-21,2436.TW,偉詮電,68.1,70.2,67.4,70.0,8568018,-1715811.0,0.0,106244.0,6745963
2026-09-21,2438.TW,翔耀,21.1,21.3,20.0,20.7,189467,-41000.0,0.0,-1000.0,147467
2026-09-21,2439.TW,美律,78.8,78.9,78.2,78.6,629039,377193.0,0.0,-2359.0,249487
2026-09-21,2440.TW,太空梭,14.3,14.5,14.2,14.4,409475,132000.0,0.0,4000.0,273475
2026-09-21,2441.TW,超豐,125.0,129.0,125.0,127.5,6951031,260099.0,167000.0,223568.0,6300364
2026-09-21,2442.TW,新美齊,14.75,14.8,14.25,14.7,791676,-56997.0,0.0,-5000.0,729679
2026-09-21,2444.TW,兆勁,13.6,13.85,13.6,13.85,2310416,386199.0,0.0,6020.0,1918197
2026-09-21,2449.TW,京元電子,298.0,310.0,296.5,301.5,56082091,2032750.0,4558342.0,1016586.0,48474413
2026-09-21,2450.TW,神腦,28.3,28.3,28.2,28.3,54015,0.0,0.0,3000.0,51015
2026-09-21,2451.TW,創見,284.5,288.0,282.0,286.0,1852572,666676.0,-9000.0,22503.0,1154393
2026-09-21,2453.TW,凌群,55.5,55.5,54.8,54.8,255351,3349.0,0.0,2000.0,250002
2026-09-21,2454.TW,聯發科,4800.0,5035.0,4780.0,5010.0,11237165,3156867.0,312803.0,346817.0,7420678
2026-09-21,2455.TW,全新,571.0,590.0,545.0,572.0,15658626,-904650.0,1525000.0,-48103.0,13180873
2026-09-21,2457.TW,飛宏,22.05,22.3,22.0,22.2,946087,180270.0,0.0,18000.0,747817
2026-09-21,2458.TW,義隆,132.0,132.5,130.0,130.5,883659,-142907.0,-98000.0,-696.0,642056
2026-09-21,2459.TW,敦吉,65.8,65.8,65.3,65.5,38516,-11000.0,0.0,1000.0,26516
2026-09-21,2460.TW,建通,29.45,30.8,29.3,30.15,198372,11084.0,0.0,-2000.0,185288
2026-09-21,2461.TW,光群雷,17.6,17.9,17.45,17.7,218083,-73632.0,0.0,2000.0,142451
2026-09-21,2462.TW,良得電,19.85,19.85,19.3,19.8,144287,45000.0,0.0,1000.0,98287
2026-09-21,2464.TW,盟立,197.0,197.0,190.0,192.5,9685560,-1745097.0,6000.0,-82366.0,7852097
2026-09-21,2465.TW,麗臺,92.9,93.4,90.6,92.0,1415222,-143361.0,0.0,-1040.0,1270821
2026-09-21,2466.TW,冠西電,104.5,110.0,104.5,110.0,1237185,148289.0,0.0,2000.0,1086896
2026-09-21,2467.TW,志聖,535.0,535.0,521.0,526.0,680491,-212207.0,0.0,19230.0,449054
2026-09-21,2468.TW,華經,48.4,49.45,46.55,46.55,26714608,-1099556.0,0.0,-96308.0,25518744
2026-09-21,2471.TW,資通,53.6,54.0,53.2,53.2,531148,80066.0,0.0,28000.0,423082
2026-09-21,2472.TW,立隆電,218.0,219.5,211.5,213.0,2522957,-152358.0,-656000.0,-3315.0,1711284
2026-09-21,2474.TW,可成,210.5,213.0,210.5,211.0,3356077,-477339.0,-73001.0,115042.0,2690695
2026-09-21,2476.TW,鉅祥,124.0,125.5,123.0,124.5,770503,100372.0,0.0,-30138.0,639993
2026-09-21,2477.TW,美隆電,22.45,23.4,22.4,23.1,654749,179000.0,17574.0,3000.0,455175
2026-09-21,2478.TW,大毅,122.0,124.0,119.5,120.0,1568307,37038.0,0.0,-1373.0,1529896
2026-09-21,2480.TW,敦陽科,165.5,167.0,163.0,164.5,253333,67487.0,0.0,0.0,185846
2026-09-21,2481.TW,強茂,171.0,173.5,166.0,168.0,19412600,-4765038.0,1000.0,292468.0,14354094
2026-09-21,2482.TW,連宇,16.1,16.1,15.95,15.95,73602,14000.0,0.0,1079.0,58523
2026-09-21,2483.TW,百容,33.55,33.75,32.7,32.8,581598,-68000.0,0.0,0.0,513598
2026-09-21,2484.TW,希華,71.0,71.2,70.0,70.0,2646140,145797.0,0.0,3940.0,2496403
2026-09-21,2485.TW,兆赫,39.85,41.2,39.3,40.9,3326911,949746.0,0.0,135579.0,2241586
2026-09-21,2486.TW,一詮,238.5,241.5,234.5,234.5,3235161,-929740.0,0.0,39126.0,2266295
2026-09-21,2488.TW,漢平,48.75,48.95,48.7,48.75,47177,10461.0,0.0,1000.0,35716
2026-09-21,2489.TW,瑞軒,44.5,45.5,42.55,43.0,43474007,-8966505.0,0.0,-403737.0,34103765
2026-09-21,2491.TW,吉祥全,42.1,43.2,40.0,40.05,1556152,-245853.0,0.0,2000.0,1308299
2026-09-21,2492.TW,華新科,311.5,326.0,307.5,308.5,22904042,-1491448.0,-63000.0,347775.0,21001819
2026-09-21,2493.TW,揚博,192.5,195.0,180.0,183.0,4252819,-919000.0,0.0,26278.0,3307541
2026-09-21,2495.TW,普安,38.05,40.2,37.75,39.1,3372973,134261.0,0.0,3703.0,3235009
2026-09-21,2496.TW,卓越,55.2,55.2,54.7,54.8,11314,-2000.0,0.0,1000.0,8314
2026-09-21,2497.TW,怡利電,44.35,44.35,43.4,43.7,287137,-190147.0,0.0,823.0,96167
2026-09-21,2498.TW,宏達電,40.0,40.4,39.8,40.1,3173733,1222637.0,0.0,21031.0,1930065
2026-09-21,2501.TW,國建,21.8,21.8,21.6,21.7,1579142,-924260.0,0.0,13948.0,640934
2026-09-21,2504.TW,國產,31.35,31.35,30.8,31.1,2032047,-1557000.0,149315.0,19556.0,306176
2026-09-21,2505.TW,國揚,16.85,17.15,16.75,17.0,1809649,794000.0,0.0,-113000.0,902649
2026-09-21,2506.TW,太設,8.35,8.49,8.3,8.37,836729,-166000.0,0.0,5000.0,665729
2026-09-21,2509.TW,全坤建,14.9,15.0,14.8,14.8,46722,-6000.0,0.0,3000.0,37722
2026-09-21,2511.TW,太子,8.45,8.48,8.39,8.44,643657,162374.0,0.0,18000.0,463283
2026-09-21,2514.TW,龍邦,11.85,11.85,11.7,11.8,68052,-7000.0,0.0,5000.0,56052
2026-09-21,2515.TW,中工,12.0,12.0,11.85,12.0,6256703,-1988640.0,-39829.0,17551.0,4210683
2026-09-21,2516.TW,新建,14.75,15.05,14.7,14.85,430730,5963.0,0.0,2000.0,422767
2026-09-21,2520.TW,冠德,37.9,38.6,37.6,38.35,1214024,641426.0,0.0,-13023.0,559575
2026-09-21,2524.TW,京城,37.2,37.2,34.9,35.25,426485,28000.0,0.0,22120.0,376365
2026-09-21,2527.TW,宏璟,46.05,47.1,45.6,46.9,628952,168998.0,0.0,-4471.0,455483
2026-09-21,2528.TW,皇普,20.15,20.5,19.8,20.5,719084,410000.0,53078.0,-113000.0,143006
2026-09-21,2530.TW,華建,20.8,20.8,20.15,20.2,1005021,-103251.0,87366.0,-419125.0,395279
2026-09-21,2534.TW,宏盛,17.0,17.05,16.9,17.0,162586,78200.0,0.0,6000.0,78386
2026-09-21,2535.TW,達欣工,89.6,90.5,89.2,89.8,159616,-3599.0,0.0,2980.0,153037
2026-09-21,2536.TW,宏普,19.45,19.6,19.4,19.5,272954,-27000.0,0.0,3000.0,242954
2026-09-21,2537.TW,聯上發,11.35,11.5,11.3,11.35,697392,149257.0,0.0,4000.0,544135
2026-09-21,2538.TW,基泰,8.51,8.63,8.46,8.57,2182774,338000.0,0.0,5000.0,1839774
2026-09-21,2539.TW,櫻花建,36.0,36.0,35.1,35.25,582551,-177240.0,0.0,23057.0,382254
2026-09-21,2540.TW,愛山林,50.1,50.1,48.45,49.1,644798,6001.0,0.0,22000.0,616797
2026-09-21,2542.TW,興富發,47.6,47.6,46.4,46.45,17948076,-4065905.0,565999.0,-554464.0,12761708
2026-09-21,2543.TW,皇昌,39.45,39.45,38.4,38.4,857590,-387236.0,0.0,9891.0,460463
2026-09-21,2545.TW,皇翔,34.75,34.9,34.45,34.45,161425,-12005.0,0.0,5000.0,144420
2026-09-21,2546.TW,根基,105.0,105.0,104.0,104.0,122105,-17614.0,0.0,2000.0,102491
2026-09-21,2547.TW,日勝生,10.15,10.15,9.96,10.0,1379302,-61000.0,129641.0,12000.0,1176661
2026-09-21,2548.TW,華固,96.5,96.5,93.7,93.7,1747614,-559398.0,0.0,-771.0,1187445
2026-09-21,2597.TW,潤弘,171.0,172.0,170.5,171.0,124680,8290.0,1000.0,4280.0,111110
2026-09-21,2601.TW,益航,5.8,5.99,5.79,5.93,6717506,674210.0,0.0,-1235237.0,4808059
2026-09-21,2603.TW,長榮,241.5,243.5,236.5,242.0,6287955,1024761.0,128803.0,226301.0,4908090
2026-09-21,2605.TW,新興,36.7,38.2,36.1,37.3,12860816,2376791.0,0.0,625549.0,9858476
2026-09-21,2606.TW,裕民,78.0,78.3,76.9,77.3,2328261,341954.0,-59000.0,11335.0,1915972
2026-09-21,2607.TW,榮運,53.3,53.6,53.0,53.6,141790,62585.0,0.0,5000.0,74205
2026-09-21,2608.TW,嘉里大榮,29.1,29.15,28.6,28.85,353309,-26001.0,0.0,4998.0,322310
2026-09-21,2609.TW,陽明,61.0,61.4,59.8,61.1,22246087,4207738.0,29000.0,302140.0,17707209
2026-09-21,2610.TW,華航,20.25,20.35,20.1,20.25,6925883,-959500.0,1110000.0,107484.0,4748899
2026-09-21,2611.TW,志信,14.45,14.5,14.35,14.5,287660,47200.0,0.0,2000.0,238460
2026-09-21,2612.TW,中航,62.8,63.8,62.4,63.3,340722,154090.0,0.0,-2683.0,183949
2026-09-21,2613.TW,中櫃,22.1,22.45,22.0,22.3,178972,51103.0,0.0,1000.0,126869
2026-09-21,2614.TW,東森,18.0,18.2,18.0,18.15,532467,68000.0,0.0,4000.0,460467
2026-09-21,2615.TW,萬海,121.0,121.0,116.5,117.0,14255960,-4708910.0,-94817.0,-225798.0,9226435
2026-09-21,2616.TW,山隆,13.3,13.35,13.3,13.3,57059,-3000.0,0.0,2000.0,52059
2026-09-21,2617.TW,台航,32.75,33.35,32.6,33.3,1511057,548271.0,0.0,-23329.0,939457
2026-09-21,2618.TW,長榮航,41.95,42.2,41.5,41.95,7627935,1727653.0,905000.0,192935.0,4802347
2026-09-21,2630.TW,亞航,47.5,47.6,47.0,47.15,577488,124635.0,0.0,-24.0,452829
2026-09-21,2633.TW,台灣高鐵,25.75,25.8,25.65,25.7,3581734,-1985500.0,199999.0,30000.0,1366235
2026-09-21,2634.TW,漢翔,65.3,65.3,63.6,63.7,6322309,-1045890.0,3000.0,-106405.0,5167014
2026-09-21,2636.TW,台驊控股,71.2,71.2,70.1,70.5,194909,-9000.0,0.0,-17502.0,168407
2026-09-21,2637.TW,慧洋-KY,101.0,103.5,100.5,102.5,1509669,359947.0,5000.0,8159.0,1136563
2026-09-21,2642.TW,宅配通,20.3,20.3,20.2,20.3,17695,0.0,0.0,1000.0,16695
2026-09-21,2645.TW,長榮航太,175.5,179.5,173.5,175.0,1261209,28058.0,0.0,54202.0,1178949
2026-09-21,2646.TW,星宇航空,20.5,20.5,20.2,20.25,2997636,-965604.0,3000.0,36000.0,1993032
2026-09-21,2701.TW,萬企,10.35,10.4,10.3,10.4,25071,0.0,0.0,4000.0,21071
2026-09-21,2702.TW,華園,12.7,12.9,12.7,12.9,21126,2000.0,0.0,1000.0,18126
2026-09-21,2704.TW,國賓,46.15,46.15,45.5,45.6,29156,-10000.0,0.0,4000.0,15156
2026-09-21,2705.TW,六福,15.4,15.4,15.0,15.25,215671,-17000.0,0.0,2000.0,196671
2026-09-21,2706.TW,第一店,12.15,12.2,12.1,12.1,117955,-43000.0,0.0,6000.0,68955
2026-09-21,2707.TW,晶華,176.5,178.5,176.5,177.5,76629,12292.0,0.0,1000.0,63337
2026-09-21,2712.TW,遠雄來,13.45,13.5,13.45,13.5,3319,-1000.0,0.0,1000.0,1319
2026-09-21,2722.TW,夏都,21.25,21.25,21.05,21.15,15351,-1000.0,0.0,1000.0,13351
2026-09-21,2723.TW,美食-KY,78.9,80.1,78.7,79.1,210731,54000.0,0.0,-14000.0,142731
2026-09-21,2727.TW,王品,226.0,228.0,226.0,227.0,115269,-15548.0,0.0,-22679.0,77042
2026-09-21,2731.TW,雄獅,143.0,144.0,143.0,143.5,126468,59000.0,0.0,995.0,66473
2026-09-21,2739.TW,寒舍,37.7,37.7,36.9,37.15,41560,-19000.0,0.0,1000.0,21560
2026-09-21,2748.TW,雲品,39.2,39.2,38.6,38.9,21430,-9000.0,0.0,0.0,12430
2026-09-21,2753.TW,八方雲集,179.5,180.0,178.5,179.5,55664,-3000.0,10375.0,-22.0,42267
2026-09-21,2762.TW,世界健身-KY,80.0,80.4,79.8,79.9,33825,-13000.0,0.0,1000.0,19825
2026-09-21,2801.TW,彰銀,28.75,28.8,28.25,28.45,24240937,-3993957.0,-209000.0,153077.0,19884903
2026-09-21,2812.TW,台中銀,19.4,19.4,19.15,19.2,14256297,2788000.0,0.0,52489.0,11415808
2026-09-21,2816.TW,旺旺保,40.65,40.8,40.1,40.7,218603,23446.0,0.0,4000.0,191157
2026-09-21,2820.TW,華票,17.4,17.5,17.3,17.5,2947732,1873132.0,0.0,24998.0,1049602
2026-09-21,2832.TW,台產,58.4,59.0,58.4,58.5,123376,-19000.0,22625.0,3472.0,78279
2026-09-21,2834.TW,臺企銀,18.3,18.45,18.15,18.35,17234830,-1021459.0,13999.0,169856.0,16029516
2026-09-21,2836.TW,高雄銀,12.4,12.4,12.25,12.25,1388602,-546254.0,0.0,21000.0,821348
2026-09-21,2838.TW,聯邦銀,21.4,21.65,21.25,21.6,1956146,744607.0,7000.0,45897.0,1158642
2026-09-21,2845.TW,遠東銀,13.55,13.65,13.45,13.55,6499819,1217334.0,0.0,65588.0,5216897
2026-09-21,2849.TW,安泰銀,16.05,16.2,15.9,16.2,191553,50345.0,0.0,24000.0,117208
2026-09-21,2850.TW,新產,159.5,161.0,157.5,160.5,136609,73218.0,0.0,-8000.0,55391
2026-09-21,2851.TW,中再保,47.25,48.5,46.85,48.15,4110074,2268653.0,0.0,-122552.0,1718869
2026-09-21,2852.TW,第一保,28.3,28.3,28.0,28.25,240069,-83000.0,0.0,3000.0,154069
2026-09-21,2855.TW,統一證,53.4,58.0,53.1,57.3,12609766,7302558.0,5000.0,0.0,5302208
2026-09-21,2880.TW,華南金,47.15,47.55,46.6,46.65,8530932,-1198434.0,-1139430.0,83410.0,6109658
2026-09-21,2881.TW,富邦金,150.5,156.0,149.5,154.5,15221165,7344803.0,-1102504.0,378785.0,6395073
2026-09-21,2882.TW,國泰金,110.5,114.0,109.5,113.0,15970215,6268529.0,100259.0,453782.0,9147645
2026-09-21,2883.TW,凱基金,39.3,40.8,38.95,40.45,53769739,24488572.0,579766.0,-315856.0,28385545
2026-09-21,2884.TW,玉山金,45.3,46.55,44.9,46.2,24243212,5086118.0,771315.0,848127.0,17537652
2026-09-21,2885.TW,元大金,69.5,70.6,69.1,70.4,12965915,2186498.0,143256.0,135438.0,10500723
2026-09-21,2886.TW,兆豐金,51.0,51.2,50.0,51.1,12052512,2871980.0,567002.0,83181.0,8530349
2026-09-21,2887.TW,台新新光金,43.7,44.45,42.7,43.8,55573672,-8106917.0,725000.0,1982929.0,44758826
2026-09-21,2889.TW,國票金,17.1,17.1,16.75,16.9,10664633,-425928.0,0.0,14139.0,10224566
2026-09-21,2890.TW,永豐金,45.2,46.15,44.75,45.7,18347361,3790257.0,74678.0,60036.0,14422390
2026-09-21,2891.TW,中信金,69.5,71.0,69.0,70.4,21196337,5840484.0,1043032.0,245200.0,14067621
2026-09-21,2892.TW,第一金,39.5,40.0,38.9,39.75,16248699,4848844.0,309276.0,72317.0,11018262
2026-09-21,2897.TW,王道銀行,11.1,11.35,11.05,11.25,9099521,-2752000.0,0.0,35771.0,6311750
2026-09-21,2901.TW,欣欣,23.45,23.65,23.2,23.2,21448,-1000.0,0.0,1000.0,19448
2026-09-21,2903.TW,遠百,22.3,22.5,22.25,22.4,1332377,503000.0,0.0,-9000.0,820377
2026-09-21,2904.TW,匯僑,12.55,12.85,12.55,12.65,66649,19000.0,0.0,1000.0,46649
2026-09-21,2905.TW,三商,18.6,19.0,18.4,18.75,2090984,939350.0,0.0,-29000.0,1122634
2026-09-21,2906.TW,高林,13.9,13.9,13.65,13.7,117077,3000.0,0.0,1093.0,112984
2026-09-21,2908.TW,特力,22.1,22.15,22.0,22.0,219438,-25837.0,0.0,5000.0,188601
2026-09-21,2910.TW,統領,24.3,24.3,23.85,23.85,13000,-1000.0,0.0,2000.0,10000
2026-09-21,2911.TW,麗嬰房,6.35,6.35,6.2,6.2,103922,-1000.0,0.0,1000.0,101922
2026-09-21,2912.TW,統一超,216.0,216.0,214.5,215.0,1167249,-576100.0,-3000.0,12000.0,576149
2026-09-21,2913.TW,農林,11.0,11.15,11.0,11.05,2611881,-336532.0,0.0,-914000.0,1361349
2026-09-21,2915.TW,潤泰全,58.7,59.5,58.2,59.3,1165805,401123.0,0.0,18821.0,745861
2026-09-21,2923.TW,鼎固-KY,27.1,27.1,25.65,26.25,75702,-2000.0,0.0,12591.0,61111
2026-09-21,2929.TW,淘帝-KY,5.72,5.85,5.72,5.79,94934,10000.0,0.0,1000.0,83934
2026-09-21,2939.TW,永邑-KY,20.0,20.0,19.9,19.9,27002,5000.0,0.0,0.0,22002
2026-09-21,2945.TW,三商家購,40.0,41.0,40.0,40.7,23598,0.0,0.0,0.0,23598
2026-09-21,3002.TW,歐格,21.1,21.35,19.55,19.8,1873547,-135000.0,0.0,-4489.0,1734058
2026-09-21,3003.TW,健和興,59.9,59.9,58.9,58.9,326968,3000.0,0.0,-470.0,323498
2026-09-21,3004.TW,豐達科,118.5,119.0,117.0,117.5,209763,39610.0,-57000.0,-269.0,112884
2026-09-21,3005.TW,神基,119.0,120.0,116.5,119.0,2988019,1163551.0,131816.0,49491.0,1643161
2026-09-21,3006.TW,晶豪科,293.0,293.0,279.0,285.0,11308937,-3468233.0,1000.0,-47208.0,7792496
2026-09-21,3008.TW,大立光,6465.0,6615.0,6305.0,6400.0,2092892,-633308.0,132983.0,170034.0,1156567
2026-09-21,3010.TW,華立,125.0,125.5,124.0,125.0,209715,-67555.0,0.0,0.0,142160
2026-09-21,3011.TW,今皓,9.98,10.2,9.93,10.15,477661,138000.0,0.0,1000.0,338661
2026-09-21,3013.TW,晟銘電,82.7,83.8,82.1,83.1,638436,149646.0,1000.0,264.0,487526
2026-09-21,3014.TW,聯陽,137.0,142.0,136.0,139.5,4097724,596010.0,50553.0,32796.0,3418365
2026-09-21,3015.TW,全漢,52.5,53.3,52.2,52.8,527460,-47911.0,0.0,4034.0,475515
2026-09-21,3016.TW,嘉晶,118.0,123.0,115.5,120.5,12523363,2418671.0,0.0,270195.0,9834497
2026-09-21,3017.TW,奇鋐,3480.0,3495.0,3365.0,3415.0,1743425,-176396.0,48145.0,-7181.0,1511703
2026-09-21,3018.TW,隆銘綠能,12.0,12.15,11.0,12.0,104343,1000.0,0.0,0.0,103343
2026-09-21,3019.TW,亞光,138.5,138.5,136.0,136.0,1460975,-417542.0,0.0,-54057.0,989376
2026-09-21,3021.TW,鴻名,26.85,27.5,26.05,26.25,666998,21270.0,0.0,1000.0,644728
2026-09-21,3022.TW,威強電,91.1,94.6,91.0,92.8,1972703,551186.0,0.0,70186.0,1351331
2026-09-21,3023.TW,信邦,326.0,329.0,320.0,320.5,413068,-84088.0,-2000.0,1759.0,325221
2026-09-21,3024.TW,憶聲,15.2,15.2,14.75,14.9,1384325,-403950.0,0.0,3000.0,977375
2026-09-21,3025.TW,星通,51.5,52.8,50.8,52.2,203117,76067.0,0.0,1000.0,126050
2026-09-21,3026.TW,禾伸堂,800.0,825.0,780.0,791.0,8530973,-2058046.0,10000.0,94101.0,6368826
2026-09-21,3027.TW,盛達,17.6,19.1,17.55,19.1,574317,163000.0,0.0,-16950.0,394367
2026-09-21,3028.TW,增你強,62.7,63.2,61.9,62.8,659140,-38195.0,0.0,6069.0,614876
2026-09-21,3029.TW,零壹,125.5,125.5,120.0,121.0,3536538,-1329878.0,0.0,-16488.0,2190172
2026-09-21,3030.TW,德律,268.5,272.0,267.5,268.5,378465,9040.0,1000.0,8639.0,359786
2026-09-21,3031.TW,佰鴻,27.95,29.85,27.3,28.1,5912480,-642000.0,0.0,3496.0,5266984
2026-09-21,3032.TW,偉訓,75.3,78.8,75.2,78.2,652396,183000.0,0.0,-9002.0,460394
2026-09-21,3033.TW,威健,41.85,42.05,41.5,41.9,1680935,-278940.0,0.0,-96533.0,1305462
2026-09-21,3034.TW,聯詠,557.0,557.0,545.0,548.0,2909033,51297.0,-103834.0,7134.0,2746768
2026-09-21,3035.TW,智原,194.5,194.5,190.0,191.0,4394281,282126.0,0.0,-213015.0,3899140
2026-09-21,3036.TW,文曄,207.0,207.5,204.0,206.5,6446456,-185606.0,750540.0,20051.0,5490259
2026-09-21,3037.TW,欣興,999.0,1055.0,999.0,1020.0,17461527,1438541.0,263934.0,352712.0,15406340
2026-09-21,3038.TW,全台,20.35,20.35,20.2,20.2,163765,-6000.0,0.0,1000.0,156765
2026-09-21,3040.TW,遠見,34.5,35.5,34.4,35.5,264539,140000.0,0.0,-9000.0,115539
2026-09-21,3041.TW,揚智,23.2,24.0,22.75,23.75,1273844,450495.0,0.0,1000.0,822349
2026-09-21,3042.TW,晶技,186.5,186.5,183.0,183.5,4002497,-29444.0,79000.0,-41553.0,3852500
2026-09-21,3043.TW,科風,20.65,21.1,20.5,20.85,87028,42000.0,0.0,0.0,45028
2026-09-21,3044.TW,健鼎,518.0,526.0,511.0,524.0,1926772,389834.0,-20000.0,69149.0,1447789
2026-09-21,3045.TW,台灣大,124.0,125.0,122.5,124.5,6275213,2391247.0,18584.0,35000.0,3830382
2026-09-21,3046.TW,建碁,54.2,54.5,53.5,53.8,157182,7606.0,0.0,-5000.0,144576
2026-09-21,3047.TW,訊舟,13.9,15.2,13.9,15.2,4747573,433000.0,0.0,11277.0,4303296
2026-09-21,3048.TW,益登,51.0,51.6,50.7,51.1,735187,-110792.0,0.0,797.0,623598
2026-09-21,3049.TW,精金,12.1,12.55,12.1,12.55,5174901,456835.0,0.0,9998.0,4708068
2026-09-21,3050.TW,鈺德,11.45,11.7,11.35,11.7,773138,296000.0,0.0,-4000.0,473138
2026-09-21,3051.TW,力特,22.75,23.0,22.4,23.0,572302,149100.0,0.0,2000.0,421202
2026-09-21,3052.TW,夆典,10.4,10.45,10.35,10.35,190769,-34000.0,0.0,2000.0,154769
2026-09-21,3054.TW,立萬利,57.9,58.7,57.9,58.3,73509,8000.0,0.0,1000.0,64509
2026-09-21,3055.TW,蔚華科,168.0,188.0,167.0,188.0,4218111,-309918.0,0.0,53512.0,3854681
2026-09-21,3056.TW,富華新,14.65,14.65,14.3,14.35,809563,-176769.0,0.0,5149.0,627645
2026-09-21,3057.TW,喬鼎,16.2,16.55,16.15,16.55,80974,41000.0,0.0,2000.0,37974
2026-09-21,3058.TW,立德,8.15,8.35,8.14,8.32,634099,262000.0,0.0,2000.0,370099
2026-09-21,3059.TW,華晶科,38.3,38.3,37.95,38.15,965646,187921.0,0.0,1259.0,776466
2026-09-21,3060.TW,銘異,26.95,27.45,26.7,27.1,800088,124449.0,0.0,2446.0,673193
2026-09-21,3062.TW,建漢,21.25,23.15,21.1,23.15,7006632,-302601.0,0.0,32260.0,6671771
2026-09-21,3090.TW,日電貿,165.0,170.5,164.0,164.5,3226882,-179000.0,1000.0,14829.0,3032053
2026-09-21,3092.TW,鴻碩,23.5,23.5,23.1,23.35,61255,13000.0,0.0,0.0,48255
2026-09-21,3094.TW,聯傑,54.9,56.8,54.5,56.8,6327733,1105000.0,0.0,157995.0,5064738
2026-09-21,3130.TW,一零四,208.5,209.0,208.5,209.0,48532,-38000.0,0.0,1000.0,9532
2026-09-21,3135.TW,凌航,164.5,164.5,161.5,161.5,467010,-87000.0,0.0,-3257.0,376753
2026-09-21,3138.TW,耀登,108.0,108.0,102.0,102.5,1019159,-319100.0,0.0,-8085.0,691974
2026-09-21,3149.TW,正達,64.7,66.1,63.1,65.1,6314547,643596.0,0.0,3255.0,5667696
2026-09-21,3150.TW,鈺寶-創,15.25,15.8,15.25,15.35,61290,-11000.0,0.0,3100.0,47190
2026-09-21,3164.TW,景岳,15.85,16.25,15.8,15.8,71105,7000.0,0.0,1000.0,63105
2026-09-21,3167.TW,大量,834.0,836.0,805.0,806.0,3127531,-576967.0,-6000.0,-4409.0,2540155
2026-09-21,3168.TW,眾福科,43.3,43.45,43.0,43.25,11102,0.0,0.0,1000.0,10102
2026-09-21,3189.TW,景碩,849.0,878.0,824.0,827.0,23391137,-1500839.0,-74000.0,919334.0,20896964
2026-09-21,3209.TW,全科,46.1,46.3,45.85,45.85,780862,-70000.0,0.0,2000.0,708862
2026-09-21,3229.TW,晟鈦,67.4,68.4,59.9,60.2,6844198,-976932.0,0.0,-13414.0,5853852
2026-09-21,3231.TW,緯創,188.5,189.5,186.0,186.5,21876489,2099827.0,-3973287.0,97344.0,15706031
2026-09-21,3257.TW,虹冠電,48.9,49.35,48.5,49.15,163456,62746.0,0.0,1000.0,99710
2026-09-21,3266.TW,昇陽,14.05,14.05,14.0,14.0,32010,-2000.0,0.0,5000.0,25010
2026-09-21,3296.TW,勝德,29.2,29.25,28.35,28.5,208242,-6050.0,0.0,1688.0,200504
2026-09-21,3305.TW,昇貿,103.5,104.0,102.0,102.5,656403,-133683.0,0.0,8524.0,514196
2026-09-21,3308.TW,聯德,22.45,22.45,21.75,21.95,30287,2000.0,0.0,1000.0,27287
2026-09-21,3311.TW,閎暉,38.5,38.75,36.55,37.7,942621,-62252.0,0.0,2000.0,878369
2026-09-21,3312.TW,弘憶股,50.5,55.5,50.4,54.7,3190062,833000.0,0.0,90464.0,2266598
2026-09-21,3321.TW,同泰,18.0,18.0,17.65,17.7,162029,16000.0,0.0,-2000.0,144029
2026-09-21,3338.TW,泰碩,68.5,68.7,67.1,67.9,303040,38290.0,0.0,1000.0,263750
2026-09-21,3346.TW,麗清,22.3,24.5,22.3,24.5,4021757,423000.0,0.0,-169061.0,3429696
2026-09-21,3356.TW,奇偶,72.9,72.9,68.0,68.6,470515,-180569.0,0.0,2000.0,287946
2026-09-21,3376.TW,新日興,180.0,180.5,177.0,177.0,1515070,-383226.0,0.0,4572.0,1127272
2026-09-21,3380.TW,明泰,30.4,33.15,30.25,33.15,10726272,1225800.0,0.0,184979.0,9315493
2026-09-21,3406.TW,玉晶光,973.0,1005.0,925.0,952.0,7311337,-718157.0,-41000.0,-83743.0,6468437
2026-09-21,3413.TW,京鼎,288.0,288.0,283.0,283.5,369922,-66079.0,0.0,-5160.0,298683
2026-09-21,3416.TW,融程電,163.0,166.0,162.0,163.5,249762,-13943.0,0.0,5261.0,230558
2026-09-21,3419.TW,譁裕,11.4,11.45,10.75,11.05,472914,79000.0,0.0,-1000.0,392914
2026-09-21,3432.TW,台端,15.3,15.7,14.95,15.1,123949,9000.0,0.0,1000.0,113949
2026-09-21,3437.TW,榮創,22.45,24.3,22.15,22.3,11410568,-1363914.0,0.0,-3200.0,10043454
2026-09-21,3443.TW,創意,7395.0,7755.0,7030.0,7615.0,3187762,188848.0,23373.0,-3172.0,2972369
2026-09-21,3447.TW,展達,29.15,29.4,28.1,29.0,159207,-12000.0,0.0,-1000.0,146207
2026-09-21,3450.TW,聯鈞,544.0,554.0,536.0,545.0,8662034,-1300885.0,2067000.0,-70228.0,5223921
2026-09-21,3481.TW,群創,48.95,50.5,48.7,50.4,287816265,33144705.0,-4898002.0,6988283.0,242785275
2026-09-21,3494.TW,誠研,7.37,7.37,7.16,7.28,65147,-1000.0,0.0,1000.0,63147
2026-09-21,3501.TW,維熹,38.65,38.65,38.2,38.25,76882,-23000.0,0.0,1000.0,52882
2026-09-21,3504.TW,揚明光,81.5,81.6,78.4,78.4,1004591,-263000.0,0.0,-2854.0,738737
2026-09-21,3515.TW,華擎,214.0,214.5,211.0,213.0,427372,121000.0,0.0,1813.0,304559
2026-09-21,3518.TW,柏騰,31.1,32.3,30.95,31.65,936907,152405.0,0.0,1000.0,783502
2026-09-21,3528.TW,安馳,84.7,84.7,83.2,83.8,123094,47460.0,0.0,-3000.0,72634
2026-09-21,3530.TW,晶相光,58.9,60.5,58.4,59.2,131740,10000.0,0.0,197.0,121543
2026-09-21,3532.TW,台勝科,450.5,452.0,432.5,440.0,3944057,-548575.0,-1000.0,-90375.0,3304107
2026-09-21,3533.TW,嘉澤,1600.0,1615.0,1570.0,1590.0,836492,-175036.0,-22000.0,7666.0,631790
2026-09-21,3535.TW,晶彩科,88.8,90.9,88.0,89.3,738199,278000.0,0.0,9137.0,451062
2026-09-21,3543.TW,州巧,44.8,46.1,44.3,45.05,963062,-127283.0,0.0,1000.0,834779
2026-09-21,3545.TW,敦泰,52.4,53.4,51.5,51.7,524311,105198.0,0.0,2000.0,417113
2026-09-21,3550.TW,聯穎,23.7,24.6,23.65,24.5,2356646,520678.0,0.0,2000.0,1833968
2026-09-21,3557.TW,嘉威,23.0,23.0,22.9,23.0,30401,4000.0,0.0,0.0,26401
2026-09-21,3563.TW,牧德,677.0,677.0,660.0,660.0,257104,-78910.0,0.0,-1597.0,176597
2026-09-21,3576.TW,聯合再生,17.5,18.5,17.15,17.7,26492615,136252.0,0.0,18000.0,26338363
2026-09-21,3583.TW,辛耘,710.0,710.0,696.0,702.0,377871,-45010.0,0.0,-752.0,332109
2026-09-21,3588.TW,通嘉,53.0,53.3,52.7,53.1,112533,16960.0,0.0,-1.0,95572
2026-09-21,3591.TW,艾笛森,27.65,27.7,25.2,25.85,12519988,-620954.0,0.0,552941.0,11346093
2026-09-21,3592.TW,瑞鼎,224.0,225.5,222.5,225.5,145266,8102.0,0.0,1000.0,136164
2026-09-21,3593.TW,力銘,9.48,9.49,9.07,9.07,30807,-1000.0,0.0,0.0,29807
2026-09-21,3596.TW,智易,155.5,157.0,153.0,155.0,680316,-231710.0,0.0,2270.0,446336
2026-09-21,3605.TW,宏致,154.0,169.0,151.0,169.0,50842491,-2966949.0,0.0,159913.0,47715629
2026-09-21,3607.TW,谷崧,13.75,13.85,13.7,13.8,85905,-13000.0,0.0,2000.0,70905
2026-09-21,3617.TW,碩天,249.0,249.0,244.0,249.0,172076,24309.0,0.0,-2420.0,145347
2026-09-21,3622.TW,洋華,45.45,46.5,45.45,45.85,138079,-56000.0,0.0,1441.0,80638
2026-09-21,3645.TW,達邁,68.7,72.3,68.5,70.5,2048379,220000.0,0.0,14623.0,1813756
2026-09-21,3652.TW,精聯,33.8,35.0,33.8,34.9,180851,69000.0,0.0,6000.0,105851
2026-09-21,3653.TW,健策,5765.0,5890.0,5700.0,5790.0,972711,25502.0,37984.0,-947.0,908278
2026-09-21,3661.TW,世芯-KY,3700.0,3700.0,3580.0,3665.0,1760586,-185665.0,-27956.0,61954.0,1485011
2026-09-21,3665.TW,貿聯-KY,2225.0,2320.0,2190.0,2300.0,4506398,-342723.0,418334.0,-18136.0,3727205
2026-09-21,3669.TW,圓展,33.05,33.05,32.65,32.65,43738,-19000.0,0.0,1000.0,23738
2026-09-21,3673.TW,TPK-KY,64.9,66.8,64.3,65.7,4757379,-307401.0,0.0,133596.0,4316382
2026-09-21,3679.TW,新至陞,109.0,109.0,107.5,108.5,48915,12000.0,4907.0,1000.0,31008
2026-09-21,3686.TW,達能,14.75,15.7,14.7,15.7,522248,70000.0,0.0,9397.0,442851
2026-09-21,3694.TW,海華,51.0,51.6,50.7,51.1,715958,119000.0,0.0,2000.0,594958
2026-09-21,3701.TW,大眾控,41.5,44.6,41.1,42.7,2006658,348140.0,0.0,5052.0,1653466
2026-09-21,3702.TW,大聯大,115.0,115.5,111.5,114.0,7318381,-849368.0,-32000.0,-83659.0,6353354
2026-09-21,3703.TW,欣陸,20.0,20.0,19.65,19.8,797510,-491000.0,0.0,9000.0,297510
2026-09-21,3704.TW,合勤控,41.3,42.35,40.55,42.15,3288841,1260245.0,0.0,14011.0,2014585
2026-09-21,3705.TW,永信,56.9,56.9,56.1,56.6,170180,-22886.0,0.0,3000.0,144294
2026-09-21,3706.TW,神達,80.5,80.5,79.5,79.8,4521331,-1066994.0,-240000.0,-188540.0,3025797
2026-09-21,3708.TW,上緯投控,97.8,101.0,96.9,99.7,518273,59000.0,0.0,3774.0,455499
2026-09-21,3711.TW,日月光投控,655.0,674.0,655.0,663.0,17093063,5123021.0,541577.0,1028527.0,10399938
2026-09-21,3712.TW,永崴投控,20.65,21.2,20.5,21.05,939277,536073.0,0.0,3000.0,400204
2026-09-21,3714.TW,富采,68.9,70.8,67.1,68.8,26800907,-3280603.0,1000.0,156333.0,23362971
2026-09-21,3715.TW,定穎投控,119.5,122.0,118.5,118.5,2328106,-218000.0,0.0,-3175.0,2106931
2026-09-21,3716.TW,中化控股,33.7,34.2,33.7,34.15,197705,84170.0,0.0,1000.0,112535
2026-09-21,3717.TW,聯嘉投控,26.0,27.6,24.8,24.9,20510332,1028817.0,0.0,-191822.0,19289693
2026-09-21,4104.TW,佳醫,72.5,72.5,72.0,72.2,124068,-32000.0,0.0,2000.0,90068
2026-09-21,4106.TW,雃博,24.35,24.55,24.35,24.55,36471,-2000.0,0.0,1000.0,33471
2026-09-21,4108.TW,懷特,11.45,11.5,11.2,11.3,131618,-42385.0,0.0,4000.0,85233
2026-09-21,4119.TW,旭富,58.1,58.4,57.3,57.3,106674,-15570.0,0.0,1000.0,90104
2026-09-21,4133.TW,亞諾法,20.6,20.6,20.35,20.55,36678,-6000.0,0.0,0.0,30678
2026-09-21,4137.TW,麗豐-KY,78.8,78.8,77.5,77.7,148126,-61000.0,10501.0,770.0,75855
2026-09-21,4142.TW,國光生,17.75,17.8,17.55,17.7,359673,84000.0,0.0,4000.0,271673
2026-09-21,4148.TW,全宇生技-KY,33.3,33.35,32.3,32.75,38503,-4000.0,0.0,0.0,34503
2026-09-21,4155.TW,訊映,15.15,15.2,14.9,14.9,153830,-22000.0,0.0,2000.0,129830
2026-09-21,4164.TW,承業醫,26.05,26.4,25.95,26.25,297247,34000.0,0.0,-23000.0,240247
2026-09-21,4169.TW,泰宗,158.0,158.0,152.0,152.0,95466,-23000.0,0.0,1000.0,71466
2026-09-21,4178.TW,永笙-KY,17.0,17.0,16.8,16.8,63660,-4000.0,0.0,2000.0,57660
2026-09-21,4190.TW,佐登-KY,25.2,25.3,24.7,25.2,15235,8000.0,0.0,0.0,7235
2026-09-21,4195.TW,基米-創,13.2,13.2,13.0,13.0,55015,-8000.0,0.0,7.0,47008
2026-09-21,4306.TW,炎洲,14.7,14.75,14.6,14.65,463855,-253513.0,0.0,8000.0,202342
2026-09-21,4414.TW,如興,8.4,8.4,8.18,8.25,113454,10000.0,0.0,2000.0,101454
2026-09-21,4426.TW,利勤,7.6,7.67,7.59,7.59,33862,17000.0,0.0,1000.0,15862
2026-09-21,4438.TW,廣越,56.5,56.9,56.3,56.3,27217,-7000.0,0.0,1000.0,19217
2026-09-21,4439.TW,冠星-KY,93.4,95.3,93.4,95.3,19518,0.0,0.0,0.0,19518
2026-09-21,4440.TW,宜新實業,17.55,17.55,17.5,17.55,25188,-5000.0,0.0,-3188.0,17000
2026-09-21,4441.TW,振大環球,171.5,173.5,171.0,171.5,45513,-6000.0,0.0,0.0,39513
2026-09-21,4526.TW,東台,31.55,33.05,31.25,32.6,2738281,760316.0,0.0,5618.0,1972347
2026-09-21,4532.TW,瑞智,25.0,25.6,24.8,25.15,2051271,70424.0,58112.0,5000.0,1917735
2026-09-21,4536.TW,拓凱,166.0,167.0,164.0,166.0,254891,98300.0,0.0,1000.0,155591
2026-09-21,4540.TW,全球傳動,59.6,61.9,58.7,60.4,3708988,211954.0,0.0,2467.0,3494567
2026-09-21,4545.TW,銘鈺,33.5,34.15,33.5,34.0,109627,31000.0,0.0,0.0,78627
2026-09-21,4551.TW,智伸科,161.0,161.0,157.0,158.0,288575,-62260.0,0.0,-3227.0,223088
2026-09-21,4552.TW,力達-KY,16.0,16.15,15.95,15.95,155130,-47000.0,0.0,1000.0,107130
2026-09-21,4555.TW,氣立,42.85,43.4,42.8,43.3,56675,7050.0,0.0,0.0,49625
2026-09-21,4557.TW,永新-KY,49.0,49.9,49.0,49.65,50076,3000.0,0.0,1000.0,46076
2026-09-21,4560.TW,強信-KY,28.95,29.05,28.7,29.0,167001,-18000.0,0.0,0.0,149001
2026-09-21,4562.TW,穎漢,30.1,31.35,29.95,31.35,209540,89839.0,0.0,918.0,118783
2026-09-21,4564.TW,元翎,15.7,16.0,15.65,16.0,704107,415103.0,0.0,3000.0,286004
2026-09-21,4566.TW,時碩工業,64.6,65.9,64.2,65.9,698873,91450.0,0.0,-790.0,606633
2026-09-21,4569.TW,六方科-KY,157.0,157.0,153.0,154.5,60297,-1000.0,0.0,0.0,59297
2026-09-21,4571.TW,鈞興-KY,152.5,152.5,150.0,151.5,113014,-8000.0,0.0,-1000.0,104014
2026-09-21,4572.TW,駐龍,141.0,141.0,139.5,140.5,8258,-1000.0,0.0,0.0,7258
2026-09-21,4576.TW,大銀微系統,240.0,241.5,233.0,233.5,1595336,-595000.0,0.0,-46556.0,953780
2026-09-21,4581.TW,光隆精密-KY,48.25,48.5,48.25,48.45,8000,-1000.0,0.0,1000.0,6000
2026-09-21,4582.TW,聚恆-創,22.4,22.4,22.2,22.4,49675,-7000.0,0.0,1000.0,41675
2026-09-21,4583.TW,台灣精銳,443.5,443.5,426.5,434.0,40870,-9886.0,-859.0,890.0,29235
2026-09-21,4585.TW,達明,301.5,301.5,298.0,299.0,75165,-2000.0,0.0,569.0,72596
2026-09-21,4588.TW,玖鼎電力,56.0,57.0,55.9,57.0,132669,51000.0,0.0,-4996.0,76673
2026-09-21,4590.TW,富田-創,93.0,93.5,91.2,91.7,216801,86000.0,0.0,19.0,130782
2026-09-21,4720.TW,德淵,18.75,20.2,18.65,19.55,2461400,-956000.0,0.0,2311.0,1503089
2026-09-21,4722.TW,國精化,190.5,194.5,184.0,191.0,1300758,157847.0,0.0,10967.0,1131944
2026-09-21,4736.TW,泰博,134.0,134.5,132.5,133.5,256420,17398.0,50000.0,0.0,189022
2026-09-21,4737.TW,華廣,60.2,60.5,59.9,60.5,52029,4000.0,0.0,1000.0,47029
2026-09-21,4739.TW,康普,79.5,82.9,79.3,82.1,838886,211211.0,0.0,11469.0,616206
2026-09-21,4746.TW,台耀,47.9,48.4,47.6,47.8,436677,55000.0,0.0,1000.0,380677
2026-09-21,4755.TW,三福化,113.5,119.0,113.5,115.5,360976,-59000.0,0.0,0.0,301976
2026-09-21,4763.TW,材料*-KY,51.2,53.5,49.6,49.65,17213150,-1215416.0,17000.0,74185.0,15906549
2026-09-21,4764.TW,雙鍵,207.5,207.5,200.5,200.5,599557,-133152.0,0.0,-244.0,466161
2026-09-21,4766.TW,南寶,345.0,345.0,343.0,343.5,57625,-11000.0,0.0,1000.0,45625
2026-09-21,4770.TW,上品,254.0,263.5,246.0,257.5,1909144,38084.0,0.0,64975.0,1806085
2026-09-21,4771.TW,望隼,215.0,220.0,211.0,219.0,365558,109173.0,0.0,8363.0,248022
2026-09-21,4807.TW,日成-KY,31.05,31.3,30.65,30.95,122142,-18641.0,0.0,1000.0,102501
2026-09-21,4904.TW,遠傳,107.0,107.0,105.0,106.0,3630994,247526.0,190678.0,23000.0,3169790
2026-09-21,4906.TW,正文,37.0,38.8,36.55,38.5,10235573,1583130.0,0.0,93938.0,8558505
2026-09-21,4912.TW,聯德控股-KY,97.8,99.3,96.6,97.7,691649,-13001.0,0.0,0.0,678648
2026-09-21,4915.TW,致伸,65.2,65.3,64.4,65.0,2759607,-526516.0,0.0,14822.0,2218269
2026-09-21,4916.TW,事欣科,106.0,106.5,104.5,105.0,3951443,172097.0,0.0,66575.0,3712771
2026-09-21,4919.TW,新唐,135.0,135.0,125.0,125.5,21754489,-6481750.0,485.0,-158409.0,15113845
2026-09-21,4927.TW,泰鼎-KY,43.75,43.9,42.05,42.05,4271157,-1789199.0,0.0,53466.0,2428492
2026-09-21,4930.TW,燦星網,16.2,16.2,15.75,16.15,283465,1000.0,0.0,1000.0,281465
2026-09-21,4934.TW,太極,14.0,14.9,14.0,14.45,963475,-262326.0,0.0,2000.0,699149
2026-09-21,4935.TW,茂林-KY,34.9,34.9,33.3,33.3,94259,-46000.0,0.0,2000.0,46259
2026-09-21,4938.TW,和碩,90.3,90.8,89.5,90.8,5939887,-1560446.0,-375000.0,31977.0,3972464
2026-09-21,4942.TW,嘉彰,31.35,31.7,31.35,31.4,50788,-3950.0,0.0,149.0,46689
2026-09-21,4943.TW,康控-KY,7.15,7.15,7.1,7.1,18991,0.0,0.0,0.0,18991
2026-09-21,4949.TW,有成精密,75.9,80.0,75.5,77.0,1400509,277000.0,0.0,-3000.0,1120509
2026-09-21,4952.TW,凌通,48.35,49.35,48.1,48.6,222650,65000.0,0.0,-2000.0,155650
2026-09-21,4956.TW,光鋐,42.9,46.85,42.65,46.85,27061766,-1518510.0,0.0,-117.0,25543139
2026-09-21,4958.TW,臻鼎-KY,476.5,482.0,463.5,470.0,26718285,-2053179.0,-3164181.0,335380.0,21165545
2026-09-21,4960.TW,誠美材,23.1,24.4,23.05,23.45,10818233,-2010270.0,0.0,18833.0,8789130
2026-09-21,4961.TW,天鈺,184.5,184.5,180.0,181.5,699260,-49621.0,0.0,-2001.0,647638
2026-09-21,4967.TW,十銓,278.0,278.0,274.0,276.5,1625376,133751.0,0.0,8172.0,1483453
2026-09-21,4968.TW,立積,93.2,93.2,91.7,92.5,198593,98639.0,0.0,747.0,99207
2026-09-21,4976.TW,佳凌,37.0,37.45,36.55,36.75,879122,235015.0,0.0,1001.0,643106
2026-09-21,4977.TW,眾達-KY,175.5,176.0,172.0,174.0,1462152,-86913.0,0.0,-35434.0,1339805
2026-09-21,4989.TW,榮科,61.9,61.9,60.8,60.9,1394120,289966.0,0.0,-15923.0,1088231
2026-09-21,4994.TW,傳奇,80.8,83.3,80.4,83.0,26066,10000.0,0.0,1000.0,15066
2026-09-21,4999.TW,鑫禾,17.9,18.0,17.8,17.9,36692,12000.0,0.0,1000.0,23692
2026-09-21,5007.TW,三星,55.6,55.6,55.3,55.3,18356,-5000.0,0.0,3000.0,10356
2026-09-21,5203.TW,訊連,58.2,58.8,58.2,58.6,47034,9000.0,0.0,1000.0,37034
2026-09-21,5215.TW,科嘉-KY,38.0,38.25,37.5,37.7,34234,-2000.0,0.0,-1000.0,31234
2026-09-21,5222.TW,全訊,104.0,107.5,104.0,106.5,281650,64693.0,0.0,1625.0,215332
2026-09-21,5225.TW,東科-KY,55.0,55.9,54.9,55.7,177660,69201.0,0.0,999.0,107460
2026-09-21,5234.TW,達興材料,302.0,302.0,292.5,292.5,154000,-22000.0,0.0,-3770.0,128230
2026-09-21,5236.TW,凌陽創新,134.0,135.5,133.5,134.5,45797,-12991.0,0.0,0.0,32806
2026-09-21,5243.TW,乙盛-KY,91.0,91.0,89.3,89.8,557156,-124580.0,0.0,-18351.0,414225
2026-09-21,5244.TW,弘凱,37.2,37.2,36.5,36.5,243792,-11707.0,0.0,0.0,232085
2026-09-21,5258.TW,虹堡,42.35,44.3,42.35,43.2,369627,-24000.0,0.0,-2888.0,342739
2026-09-21,5269.TW,祥碩,1505.0,1505.0,1470.0,1475.0,382204,13415.0,-1000.0,-11872.0,355917
2026-09-21,5283.TW,禾聯碩,56.2,56.2,54.1,54.6,72693,-43000.0,0.0,1000.0,28693
2026-09-21,5284.TW,jpp-KY,294.0,302.0,294.0,300.0,197511,40211.0,0.0,-2154.0,155146
2026-09-21,5285.TW,界霖,95.2,95.3,90.7,91.7,1787258,-565252.0,0.0,3706.0,1218300
2026-09-21,5288.TW,豐祥-KY,189.5,191.5,188.5,190.0,49150,8038.0,0.0,803.0,40309
2026-09-21,5292.TW,華懋,219.5,219.5,215.0,218.0,41600,-4000.0,0.0,-6840.0,30760
2026-09-21,5306.TW,桂盟,88.5,89.7,88.5,89.4,51053,-6899.0,0.0,1000.0,43154
2026-09-21,5388.TW,中磊,73.5,73.5,72.7,72.9,1144838,-456000.0,0.0,3799.0,685039
2026-09-21,5434.TW,崇越,540.0,543.0,533.0,537.0,372313,-115310.0,-17000.0,-3246.0,236757
2026-09-21,5469.TW,瀚宇博,72.9,73.7,72.6,73.5,769300,7036.0,0.0,5000.0,757264
2026-09-21,5471.TW,松翰,52.5,53.1,52.1,52.2,770060,-26892.0,0.0,-12001.0,731167
2026-09-21,5484.TW,慧友,39.65,40.2,39.3,40.2,111050,32100.0,0.0,5000.0,73950
2026-09-21,5515.TW,建國,50.2,50.2,49.3,49.55,251087,-45600.0,0.0,-23637.0,181850
2026-09-21,5519.TW,隆大,26.4,26.4,25.85,25.95,215420,-35000.0,0.0,2692.0,177728
2026-09-21,5521.TW,工信,10.7,10.7,10.4,10.65,1262058,-40087.0,0.0,12000.0,1209971
2026-09-21,5522.TW,遠雄,62.3,62.3,61.2,61.5,408017,-203000.0,39866.0,8000.0,157151
2026-09-21,5525.TW,順天,22.3,22.8,22.3,22.5,230297,14000.0,0.0,4000.0,212297
2026-09-21,5531.TW,鄉林,6.94,7.02,6.91,6.95,3355049,849000.0,0.0,11000.0,2495049
2026-09-21,5533.TW,皇鼎,14.15,14.2,14.1,14.2,14176,6000.0,0.0,3000.0,5176
2026-09-21,5534.TW,長虹,76.2,76.2,74.9,74.9,400272,-49000.0,0.0,-1575.0,349697
2026-09-21,5538.TW,東明-KY,35.3,35.7,35.2,35.3,10062,-5000.0,0.0,1000.0,4062
2026-09-21,5546.TW,永固-KY,14.45,14.8,14.3,14.35,44000,-3000.0,0.0,2000.0,39000
2026-09-21,5607.TW,遠雄港,53.4,53.4,52.4,52.6,417227,189000.0,0.0,10000.0,218227
2026-09-21,5608.TW,四維航,16.9,17.25,16.75,17.15,2875355,1151000.0,0.0,2999.0,1721356
2026-09-21,5706.TW,鳳凰,44.9,44.95,44.05,44.35,85282,32000.0,0.0,1000.0,52282
2026-09-21,5871.TW,中租-KY,112.0,112.0,110.5,110.5,8498645,-4238617.0,-41136.0,20974.0,4197918
2026-09-21,5876.TW,上海商銀,49.45,49.6,48.85,49.25,2969452,654350.0,133000.0,90000.0,2092102
2026-09-21,5880.TW,合庫金,27.3,27.3,27.0,27.2,9534595,1770400.0,407000.0,582685.0,6774510
2026-09-21,5906.TW,台南-KY,42.7,42.7,40.6,42.0,7001,-2000.0,0.0,1000.0,4001
2026-09-21,5907.TW,大洋-KY,4.85,4.92,4.83,4.85,215042,-45000.0,0.0,2000.0,168042
2026-09-21,6005.TW,群益證,31.65,32.5,31.6,32.25,10749030,1635141.0,4583.0,0.0,9109306
2026-09-21,6024.TW,群益期,61.2,61.5,60.8,61.5,207823,49986.0,0.0,3000.0,154837
2026-09-21,6108.TW,競國,23.9,24.4,23.6,23.8,1004474,-186110.0,0.0,996.0,817368
2026-09-21,6112.TW,邁達特,51.8,51.8,49.0,49.0,4435065,-1946398.0,0.0,-75899.0,2412768
2026-09-21,6115.TW,鎰勝,45.0,45.0,44.3,44.5,97813,-64000.0,0.0,10000.0,23813
2026-09-21,6116.TW,彩晶,14.25,14.9,14.25,14.8,56764125,15096160.0,0.0,451752.0,41216213
2026-09-21,6117.TW,迎廣,60.9,61.8,60.8,61.3,148961,63000.0,0.0,-26000.0,59961
2026-09-21,6120.TW,達運,12.5,12.85,12.5,12.65,2457119,196408.0,0.0,-1431.0,2259280
2026-09-21,6128.TW,上福,19.4,19.65,19.4,19.4,28485,5500.0,0.0,1000.0,21985
2026-09-21,6133.TW,金橋,27.45,29.4,27.1,28.0,11880767,1132735.0,0.0,3232.0,10744800
2026-09-21,6136.TW,富爾特,24.7,24.9,24.65,24.7,83676,1000.0,0.0,2000.0,80676
2026-09-21,6139.TW,亞翔,740.0,745.0,717.0,718.0,1725029,-705296.0,-4000.0,-80958.0,934775
2026-09-21,6141.TW,柏承,49.85,49.85,48.4,49.0,1343800,77604.0,0.0,-55000.0,1211196
2026-09-21,6142.TW,友勁,9.02,9.18,8.86,9.06,741309,359000.0,0.0,2000.0,380309
2026-09-21,6152.TW,百一,15.15,15.8,15.0,15.8,2784357,333124.0,0.0,-2000.0,2449233
2026-09-21,6153.TW,嘉聯益,17.1,17.5,17.0,17.4,2269143,972228.0,0.0,15999.0,1280916
2026-09-21,6155.TW,鈞寶,57.1,58.0,56.6,57.0,702360,91236.0,0.0,-2000.0,609124
2026-09-21,6164.TW,華興,12.25,12.95,12.25,12.4,1249918,-103000.0,0.0,1000.0,1145918
2026-09-21,6165.TW,浪凡,50.3,51.5,49.8,50.4,961308,291002.0,0.0,30000.0,640306
2026-09-21,6166.TW,凌華,115.0,125.5,114.5,125.5,4116162,680302.0,0.0,43502.0,3392358
2026-09-21,6168.TW,宏齊,41.45,42.7,41.4,42.7,11637620,3108000.0,0.0,8078.0,8521542
2026-09-21,6176.TW,瑞儀,96.1,96.2,93.5,93.8,2753029,-1403254.0,-1.0,-10477.0,1339297
2026-09-21,6177.TW,達麗,47.8,48.0,47.55,47.65,840456,-295936.0,71355.0,-1000.0,472165
2026-09-21,6183.TW,關貿,91.6,92.3,91.3,91.6,30709,6000.0,0.0,1000.0,23709
2026-09-21,6184.TW,大豐電,40.5,40.7,40.3,40.5,256853,-57000.0,0.0,2000.0,197853
2026-09-21,6189.TW,豐藝,47.95,48.25,47.55,48.25,356361,119023.0,0.0,5727.0,231611
2026-09-21,6191.TW,精成科,83.4,84.2,83.2,83.2,1145875,-22662.0,0.0,11578.0,1111635
2026-09-21,6192.TW,巨路,111.5,111.5,110.5,110.5,68464,-5130.0,0.0,1000.0,62334
2026-09-21,6196.TW,帆宣,549.0,549.0,532.0,535.0,1270481,-139288.0,0.0,-81873.0,1049320
2026-09-21,6197.TW,佳必琪,324.0,324.0,319.0,322.0,2175287,-91883.0,0.0,-59917.0,2023487
2026-09-21,6201.TW,亞弘電,46.3,46.3,45.25,45.35,30929,-7000.0,0.0,1000.0,22929
2026-09-21,6202.TW,盛群,56.5,58.0,56.3,57.5,1454157,-264695.0,0.0,24287.0,1165175
2026-09-21,6205.TW,詮欣,64.5,70.0,64.1,70.0,1276548,215191.0,0.0,1715.0,1059642
2026-09-21,6206.TW,飛捷,139.0,142.5,137.5,142.0,1182203,426551.0,0.0,47976.0,707676
2026-09-21,6209.TW,今國光,81.0,81.2,79.1,79.1,4049535,-594785.0,0.0,-165207.0,3289543
2026-09-21,6213.TW,聯茂,515.0,542.0,510.0,542.0,17958275,5292275.0,-112000.0,355416.0,12198584
2026-09-21,6214.TW,精誠,193.5,194.0,191.0,191.5,1692764,-65782.0,1000.0,-3159.0,1622823
2026-09-21,6215.TW,和椿,98.7,99.3,98.1,98.2,284345,81360.0,0.0,4083.0,198902
2026-09-21,6216.TW,居易,19.45,19.75,19.35,19.65,158760,37000.0,0.0,-267.0,121493
2026-09-21,6224.TW,聚鼎,90.0,91.4,88.1,89.2,1654424,-59155.0,0.0,1000.0,1594269
2026-09-21,6225.TW,天瀚,57.9,60.1,55.6,56.9,197859,-3000.0,0.0,0.0,194859
2026-09-21,6226.TW,光鼎,45.3,45.45,42.9,44.5,6890544,-376100.0,0.0,543000.0,5971444
2026-09-21,6230.TW,尼得科超眾,111.0,113.0,110.5,112.0,26360,3000.0,0.0,1000.0,22360
2026-09-21,6235.TW,華孚,37.85,38.6,37.8,38.6,289576,97215.0,0.0,2152.0,190209
2026-09-21,6239.TW,力成,286.0,296.5,286.0,292.5,27709326,1581973.0,-1231175.0,538731.0,24357447
2026-09-21,6243.TW,迅杰,38.5,38.8,38.15,38.4,175189,-4090.0,0.0,-31.0,171068
2026-09-21,6257.TW,矽格,248.5,258.5,242.5,250.5,28056800,3063495.0,18000.0,602574.0,24372731
2026-09-21,6269.TW,台郡,64.4,66.3,63.7,65.3,4622999,-1449582.0,0.0,134650.0,3038767
2026-09-21,6271.TW,同欣電,232.0,234.0,229.5,230.0,2285410,113250.0,0.0,-4120.0,2168040
2026-09-21,6272.TW,驊陞,27.0,27.2,26.3,26.3,266806,17000.0,0.0,2000.0,247806
2026-09-21,6277.TW,宏正,77.7,79.7,77.7,79.3,134919,-11853.0,0.0,2000.0,121066
2026-09-21,6278.TW,台表科,197.0,198.0,193.5,194.5,2894823,-722251.0,1000.0,39990.0,2131582
2026-09-21,6281.TW,全國電,51.1,51.1,51.0,51.0,24488,-8000.0,0.0,1000.0,15488
2026-09-21,6282.TW,康舒,43.25,43.5,42.7,43.35,3237435,-109667.0,0.0,275468.0,2852300
2026-09-21,6283.TW,淳安,18.6,18.9,18.5,18.8,52367,8000.0,0.0,1000.0,43367
2026-09-21,6285.TW,啟碁,229.0,235.0,227.0,234.0,3297313,892243.0,2000.0,127628.0,2275442
2026-09-21,6405.TW,悅城,40.3,42.25,40.3,41.6,925436,163000.0,0.0,1005.0,761431
2026-09-21,6409.TW,旭隼,917.0,918.0,892.0,894.0,270422,-75439.0,-1000.0,-6478.0,187505
2026-09-21,6412.TW,群電,74.0,75.1,74.0,74.1,501733,111510.0,0.0,290.0,389933
2026-09-21,6414.TW,樺漢,376.0,376.5,373.0,375.0,554166,-117842.0,0.0,2547.0,433777
2026-09-21,6415.TW,矽力*-KY,429.0,430.5,422.0,427.5,1909525,-374444.0,-12000.0,-46801.0,1476280
2026-09-21,6416.TW,瑞祺電通,120.0,121.5,118.0,121.0,630622,124937.0,0.0,14000.0,491685
2026-09-21,6426.TW,統新,375.0,376.0,354.5,374.0,2656404,-324110.0,0.0,8180.0,2324114
2026-09-21,6431.TW,光麗-KY,17.05,17.4,16.8,17.3,91049,1000.0,0.0,0.0,90049
2026-09-21,6438.TW,迅得,148.5,152.0,147.0,150.5,220433,23643.0,0.0,23159.0,173631
2026-09-21,6442.TW,光聖,1590.0,1595.0,1520.0,1525.0,1794761,-277265.0,-463000.0,-8525.0,1045971
2026-09-21,6443.TW,元晶,26.45,28.05,25.9,28.05,10747044,-426200.0,0.0,87815.0,10233029
2026-09-21,6446.TW,藥華藥,1185.0,1190.0,1150.0,1150.0,2811409,-626371.0,2545.0,-14691.0,2167802
2026-09-21,6449.TW,鈺邦,218.0,223.0,215.0,215.5,551726,-115423.0,0.0,-3198.0,433105
2026-09-21,6451.TW,訊芯-KY,443.5,444.5,434.0,434.0,1711346,-277878.0,0.0,-6180.0,1427288
2026-09-21,6456.TW,GIS-KY,66.7,71.9,65.9,71.9,12215288,3157339.0,0.0,311574.0,8746375
2026-09-21,6464.TW,台數科,77.9,77.9,77.6,77.6,6354,-1000.0,0.0,1000.0,4354
2026-09-21,6472.TW,保瑞,446.5,448.0,420.5,420.5,1013146,-372638.0,-45000.0,-94577.0,500931
2026-09-21,6477.TW,安集,35.15,37.6,34.9,37.4,6170287,-42893.0,0.0,2705.0,6124689
2026-09-21,6491.TW,晶碩,395.0,411.0,394.0,407.0,690487,373579.0,0.0,16926.0,299982
2026-09-21,6504.TW,南六,37.1,38.25,37.1,37.6,70170,-3000.0,0.0,1000.0,66170
2026-09-21,6505.TW,台塑化,87.0,89.8,86.1,88.5,15280658,4037600.0,326792.0,-91379.0,10824887
2026-09-21,6515.TW,穎崴,6570.0,6570.0,5795.0,5795.0,1406461,-363969.0,-453500.0,11941.0,577051
2026-09-21,6525.TW,捷敏-KY,137.0,137.5,132.5,132.5,609992,-290242.0,0.0,1103.0,318647
2026-09-21,6526.TW,達發,700.0,734.0,688.0,724.0,2896069,851986.0,0.0,114810.0,1929273
2026-09-21,6531.TW,愛普*,965.0,975.0,932.0,948.0,1894948,-409732.0,63000.0,-26308.0,1395908
2026-09-21,6533.TW,晶心科,269.0,270.5,260.0,263.5,1937477,-19753.0,0.0,-1099.0,1916625
2026-09-21,6534.TW,正瀚-創,90.0,91.3,90.0,90.2,14702,3000.0,0.0,1002.0,10700
2026-09-21,6541.TW,泰福-KY,32.8,32.8,31.25,31.35,450609,-172847.0,0.0,3841.0,273921
2026-09-21,6552.TW,易華電,24.2,24.55,24.2,24.5,48203,17000.0,0.0,1000.0,30203
2026-09-21,6558.TW,興能高,23.85,24.45,23.75,24.1,160852,74000.0,0.0,1000.0,85852
2026-09-21,6573.TW,虹揚-KY,16.4,16.75,16.4,16.5,106890,26000.0,0.0,1000.0,79890
2026-09-21,6579.TW,研揚,152.0,154.0,151.5,153.0,205335,66600.0,0.0,1995.0,136740
2026-09-21,6581.TW,鋼聯,109.5,109.5,109.5,109.5,9181,1000.0,0.0,0.0,8181
2026-09-21,6582.TW,申豐,31.5,31.5,30.95,31.1,43830,7000.0,0.0,0.0,36830
2026-09-21,6585.TW,鼎基,106.0,107.0,106.0,106.0,59199,0.0,0.0,890.0,58309
2026-09-21,6589.TW,台康生技,52.6,52.6,51.5,51.7,525105,-53993.0,0.0,3139.0,467973
2026-09-21,6591.TW,動力-KY,43.9,46.45,43.9,45.2,310666,23000.0,0.0,1939.0,285727
2026-09-21,6592.TW,和潤企業,58.9,59.2,58.7,58.8,416842,-182970.0,0.0,6272.0,227600
2026-09-21,6598.TW,ABC-KY,28.55,28.65,27.85,27.85,109824,-6000.0,0.0,5000.0,98824
2026-09-21,6605.TW,帝寶,139.0,140.0,138.0,140.0,207792,62760.0,0.0,1428.0,143604
2026-09-21,6606.TW,建德工業,25.15,25.6,25.1,25.4,14061,-2000.0,0.0,1000.0,11061
2026-09-21,6614.TW,資拓宏宇,36.25,36.25,35.55,35.55,23000,-8000.0,0.0,1000.0,14000
2026-09-21,6625.TW,必應,75.0,75.0,74.3,74.3,49587,-5000.0,0.0,1000.0,43587
2026-09-21,6641.TW,基士德-KY,17.4,17.4,16.8,17.0,9153,1000.0,0.0,0.0,8153
2026-09-21,6645.TW,金萬林-創,12.6,12.8,12.3,12.45,41900,6000.0,0.0,44.0,35856
2026-09-21,6655.TW,科定,126.5,130.0,124.5,124.5,40500,2000.0,0.0,1000.0,37500
2026-09-21,6657.TW,華安,32.9,33.6,31.85,32.95,140618,38000.0,0.0,1000.0,101618
2026-09-21,6658.TW,聯策,173.5,179.0,173.0,173.5,225028,6015.0,0.0,180.0,218833
2026-09-21,6666.TW,羅麗芬-KY,44.95,44.95,44.8,44.95,6221,0.0,0.0,0.0,6221
2026-09-21,6668.TW,中揚光,49.25,54.1,48.45,50.3,18858378,67220.0,0.0,6954.0,18784204
2026-09-21,6669.TW,緯穎,2180.0,2190.0,2110.0,2150.0,3304766,199717.0,-716626.0,76658.0,2311765
2026-09-21,6670.TW,復盛應用,275.5,275.5,271.0,272.5,123287,-47000.0,30000.0,-21507.0,24780
2026-09-21,6671.TW,三能-KY,23.05,23.05,23.05,23.05,3044,0.0,0.0,0.0,3044
2026-09-21,6672.TW,騰輝電子-KY,306.5,316.0,304.0,310.0,4860040,1349941.0,0.0,4910.0,3505189
2026-09-21,6674.TW,鋐寶科技,17.35,17.35,17.35,17.35,75024,0.0,0.0,0.0,75024
2026-09-21,6689.TW,伊雲谷,67.1,67.1,64.5,65.4,519739,-61940.0,0.0,1000.0,456799
2026-09-21,6691.TW,洋基工程,650.0,650.0,631.0,632.0,599914,-319280.0,31000.0,-24001.0,225633
2026-09-21,6695.TW,芯鼎,51.0,51.0,49.7,50.5,227529,33000.0,0.0,1000.0,193529
2026-09-21,6698.TW,旭暉應材,32.5,32.5,31.75,32.2,89798,15000.0,0.0,1000.0,73798
2026-09-21,6706.TW,惠特,150.0,164.0,150.0,164.0,14648276,2590922.0,0.0,1109.0,12056245
2026-09-21,6715.TW,嘉基,433.0,475.0,433.0,451.5,5331633,-165219.0,0.0,-48599.0,5117815
2026-09-21,6719.TW,力智,185.0,185.0,182.0,183.0,270830,5956.0,0.0,1283.0,263591
2026-09-21,6722.TW,輝創,33.0,33.0,32.4,32.95,35910,4000.0,0.0,1000.0,30910
2026-09-21,6742.TW,澤米,53.5,56.1,52.0,54.0,2612628,-173863.0,0.0,683.0,2438082
2026-09-21,6743.TW,安普新,29.6,30.0,29.35,29.5,298316,81000.0,18782.0,4000.0,194534
2026-09-21,6753.TW,龍德造船,136.0,136.0,132.0,133.5,325183,43079.0,0.0,-713.0,281391
2026-09-21,6754.TW,匯僑設計,42.5,42.5,42.1,42.25,8650,-2000.0,0.0,1000.0,5650
2026-09-21,6756.TW,威鋒電子,97.9,97.9,96.4,97.0,56276,-14437.0,0.0,601.0,41238
2026-09-21,6757.TW,台灣虎航,54.1,54.2,53.5,54.2,258415,59944.0,0.0,5000.0,193471
2026-09-21,6768.TW,志強-KY,62.5,62.9,62.0,62.4,175546,-2750.0,0.0,2076.0,170720
2026-09-21,6770.TW,力積電,74.4,74.5,72.5,72.7,93490025,-24016466.0,87092.0,231941.0,69154526
2026-09-21,6771.TW,平和環保-創,42.8,42.8,41.95,42.4,16030,-1000.0,0.0,0.0,15030
2026-09-21,6776.TW,展碁國際,52.2,52.7,52.2,52.5,46981,17000.0,0.0,1000.0,28981
2026-09-21,6781.TW,AES-KY,1015.0,1025.0,1010.0,1010.0,203562,-51967.0,0.0,5474.0,146121
2026-09-21,6782.TW,視陽,241.0,248.0,234.5,248.0,313938,162240.0,0.0,6408.0,145290
2026-09-21,6789.TW,采鈺,467.0,467.0,455.0,458.5,603507,-86482.0,0.0,-24716.0,492309
2026-09-21,6790.TW,永豐實,37.95,38.0,37.7,37.85,78406,3000.0,0.0,3000.0,72406
2026-09-21,6792.TW,詠業,59.4,59.8,59.1,59.7,26010,10000.0,0.0,1000.0,15010
2026-09-21,6794.TW,向榮生技,76.0,76.0,74.5,75.5,14214,-2000.0,0.0,1000.0,11214
2026-09-21,6796.TW,晉弘,51.4,51.9,51.3,51.3,19404,-9943.0,0.0,0.0,9461
2026-09-21,6799.TW,來頡,84.7,84.7,83.1,83.8,125636,-20881.0,0.0,1000.0,103755
2026-09-21,6805.TW,富世達,2325.0,2445.0,2300.0,2415.0,2483339,-494592.0,771000.0,-13628.0,1204119
2026-09-21,6807.TW,峰源-KY,32.45,32.55,32.3,32.5,14000,2000.0,0.0,0.0,12000
2026-09-21,6830.TW,汎銓,576.0,588.0,548.0,553.0,2635979,-570152.0,0.0,-66030.0,1999797
2026-09-21,6831.TW,邁科,540.0,540.0,513.0,513.0,854155,-347963.0,-10000.0,-8235.0,487957
2026-09-21,6834.TW,天二科技,113.0,119.5,109.5,115.0,12137974,-928559.0,0.0,58235.0,11151180
2026-09-21,6835.TW,圓裕,31.05,31.3,30.85,31.1,20449,10238.0,0.0,1000.0,9211
2026-09-21,6838.TW,台新藥,24.2,24.2,23.7,23.9,94890,14000.0,0.0,2000.0,78890
2026-09-21,6854.TW,錼創科技-KY創,94.7,95.3,92.2,92.9,143806,-47000.0,0.0,3022.0,93784
2026-09-21,6861.TW,睿生光電,235.0,252.0,234.0,246.0,4377975,-254404.0,0.0,9758.0,4113813
2026-09-21,6862.TW,三集瑞-KY,132.5,144.0,132.5,144.0,298253,-13990.0,0.0,5435.0,278828
2026-09-21,6863.TW,永道-KY,95.2,98.6,95.2,98.3,85176,-740.0,0.0,6000.0,78436
2026-09-21,6869.TW,雲豹能源,67.5,70.7,67.5,69.3,547419,181663.0,0.0,11439.0,354317
2026-09-21,6873.TW,泓德能源,69.8,71.5,69.0,69.4,348982,81040.0,0.0,2000.0,265942
2026-09-21,6885.TW,全福生技,31.8,33.0,30.6,31.5,3001983,-555435.0,0.0,8000.0,2438548
2026-09-21,6887.TW,寶綠特-KY,39.85,39.85,38.15,38.9,18033,-1000.0,0.0,1000.0,16033
2026-09-21,6890.TW,來億-KY,150.0,150.0,146.0,146.0,195215,-110000.0,0.0,2771.0,82444
2026-09-21,6901.TW,鑽石投資,15.4,15.55,15.3,15.5,719877,253845.0,0.0,10000.0,456032
2026-09-21,6902.TW,GOGOLOOK,155.0,155.0,155.0,155.0,317546,-4100.0,0.0,1502.0,311944
2026-09-21,6906.TW,現觀科,84.4,85.2,79.4,80.0,140863,-34000.0,0.0,1089.0,105774
2026-09-21,6908.TW,宏碁遊戲-創,30.25,30.25,29.8,29.8,13507,0.0,0.0,1020.0,12487
2026-09-21,6909.TW,創控,42.55,44.0,41.85,42.85,466383,59000.0,0.0,1000.0,406383
2026-09-21,6914.TW,阜爾運通,120.5,121.0,120.5,121.0,14228,1780.0,0.0,1000.0,11448
2026-09-21,6916.TW,華凌,18.2,18.25,18.05,18.1,21000,-4000.0,0.0,0.0,17000
2026-09-21,6918.TW,愛派司,75.0,75.0,75.0,75.0,2053,-1000.0,0.0,1000.0,53
2026-09-21,6919.TW,康霈*,86.0,86.5,81.8,83.1,6857975,-1773698.0,0.0,6056.0,5078221
2026-09-21,6921.TW,嘉雨思-創,65.0,69.8,64.0,69.8,89772,-1000.0,0.0,-60000.0,28772
2026-09-21,6923.TW,中台,77.4,77.9,76.4,76.8,76257,15000.0,0.0,1000.0,60257
2026-09-21,6924.TW,榮惠-KY創,135.5,138.0,132.0,133.5,16268,-7000.0,0.0,1740.0,7528
2026-09-21,6928.TW,攸泰科技,46.8,47.45,46.7,47.2,35555,9000.0,0.0,1000.0,25555
2026-09-21,6931.TW,青松健康,39.2,39.4,39.1,39.1,56040,13000.0,0.0,1000.0,42040
2026-09-21,6933.TW,AMAX-KY,345.0,348.0,316.0,317.5,1620072,-182689.0,0.0,-5519.0,1431864
2026-09-21,6934.TW,心誠鎂,75.9,76.6,73.0,73.1,154259,-27000.0,0.0,1000.0,126259
2026-09-21,6936.TW,永鴻生技,31.7,32.0,31.7,32.0,12432,-3000.0,0.0,0.0,9432
2026-09-21,6937.TW,天虹,303.5,303.5,293.0,300.5,416452,-43000.0,0.0,-7744.0,365708
2026-09-21,6944.TW,兆聯實業,708.0,724.0,705.0,712.0,244569,10118.0,0.0,-12836.0,221615
2026-09-21,6947.TW,台鎔科技,67.5,68.6,67.3,67.9,79882,6000.0,0.0,0.0,73882
2026-09-21,6949.TW,沛爾生醫*-創,54.0,54.9,53.0,53.8,2711421,-339915.0,0.0,-76340.0,2295166
2026-09-21,6951.TW,青新-創,70.3,70.3,69.3,69.3,28987,-10000.0,0.0,1387.0,17600
2026-09-21,6952.TW,大武山,39.35,39.6,38.3,38.75,58410,13000.0,0.0,0.0,45410
2026-09-21,6955.TW,邦睿生技-創,96.1,96.1,94.5,94.5,7281,0.0,0.0,1027.0,6254
2026-09-21,6957.TW,裕慶-KY,274.5,295.0,272.5,290.0,639987,184131.0,0.0,1100.0,454756
2026-09-21,6958.TW,日盛台駿,17.65,17.95,17.45,17.75,59310,3000.0,0.0,5000.0,51310
2026-09-21,6962.TW,奕力-KY,31.1,31.3,30.75,31.2,973586,43968.0,0.0,4402.0,925216
2026-09-21,6965.TW,中傑-KY,70.9,70.9,69.1,70.1,15111,2000.0,0.0,1000.0,12111
2026-09-21,6969.TW,成信實業*-創,33.25,33.4,32.85,32.85,51770,-11000.0,0.0,-2410.0,38360
2026-09-21,6988.TW,威力暘-創,12.1,12.1,11.75,12.05,83000,-38000.0,0.0,-5000.0,40000
2026-09-21,6994.TW,富威電力,27.8,28.25,27.35,28.25,541467,-138430.0,0.0,861.0,402176
2026-09-21,7610.TW,聯友金屬-創,1945.0,1965.0,1890.0,1890.0,696823,-53752.0,0.0,-1726.0,641345
2026-09-21,7631.TW,聚賢研發-創,139.0,143.0,138.5,141.5,111296,15846.0,0.0,-9203.0,86247
2026-09-21,7689.TW,大鵬科CLMX,162.5,163.5,159.5,161.0,26996,-128.0,0.0,1000.0,25868
2026-09-21,7705.TW,三商餐飲,30.0,30.1,29.9,29.95,52752,-1000.0,0.0,1000.0,50752
2026-09-21,7711.TW,永擎,576.0,576.0,535.0,544.0,1170824,-1390.0,3000.0,-4331.0,1162103
2026-09-21,7721.TW,微程式,61.2,63.6,61.2,62.8,93870,46000.0,0.0,1000.0,46870
2026-09-21,7722.TW,LINEPAY,262.5,263.0,262.0,262.0,28807,2000.0,0.0,230.0,26577
2026-09-21,7730.TW,暉盛-創,175.5,176.0,169.0,170.5,208000,57000.0,0.0,0.0,151000
2026-09-21,7732.TW,金興精密,34.5,34.5,34.45,34.45,2001,-1000.0,0.0,1000.0,1
2026-09-21,7736.TW,虎山,68.9,70.9,68.4,68.4,58002,12000.0,0.0,1000.0,45002
2026-09-21,7740.TW,熙特爾-創,126.0,126.0,120.5,120.5,181991,-29127.0,0.0,-2081.0,150783
2026-09-21,7749.TW,意騰-KY,361.0,380.0,360.5,377.5,257048,72043.0,0.0,1614.0,183391
2026-09-21,7750.TW,新代,1950.0,1990.0,1910.0,1960.0,95874,-3980.0,0.0,1769.0,90125
2026-09-21,7760.TW,享溫馨,32.8,33.0,32.3,33.0,67101,1000.0,0.0,0.0,66101
2026-09-21,7765.TW,中華資安,245.0,247.5,238.0,240.0,272306,-18885.0,0.0,0.0,253421
2026-09-21,7768.TW,頌勝科技,289.0,306.0,283.5,299.5,177500,-36974.0,0.0,1000.0,139526
2026-09-21,7769.TW,鴻勁,6530.0,6530.0,5920.0,6000.0,1732162,-203983.0,-456010.0,-798.0,1071371
2026-09-21,7780.TW,大研生醫*,16.5,16.5,16.15,16.25,525843,-39000.0,0.0,7108.0,479735
2026-09-21,7786.TW,東方風能,120.0,120.0,118.0,120.0,82018,28830.0,0.0,-1000.0,52188
2026-09-21,7788.TW,松川精密,298.0,302.0,291.0,291.0,1039243,-219204.0,0.0,-16445.0,803594
2026-09-21,7791.TW,皇家可口,55.2,56.4,55.2,56.1,22704,14000.0,0.0,1000.0,7704
2026-09-21,7795.TW,長廣,489.0,491.0,480.0,484.0,497416,-117200.0,0.0,-4378.0,375838
2026-09-21,7799.TW,禾榮科,507.0,524.0,489.0,522.0,1128287,30836.0,26000.0,991.0,1070460
2026-09-21,7803.TW,雲象科技-創,19.3,19.3,18.75,18.9,31706,-3000.0,0.0,517.0,28189
2026-09-21,7818.TW,溢泰實業,60.0,60.3,59.7,60.2,41302,8000.0,0.0,2000.0,31302
2026-09-21,7821.TW,神數,39.0,39.05,38.8,38.9,84063,12000.0,0.0,2000.0,70063
2026-09-21,7822.TW,倍利科,850.0,851.0,836.0,850.0,87976,-16000.0,0.0,-2958.0,69018
2026-09-21,7823.TW,奧義賽博-KY創,81.2,82.4,81.1,82.1,22580,0.0,0.0,199.0,22381
2026-09-21,7827.TW,漢康-KY創,162.0,163.5,159.5,162.0,191807,114000.0,0.0,2745.0,75062
2026-09-21,7835.TW,永悅健康-創,20.5,21.2,20.1,20.2,50000,0.0,0.0,-2000.0,48000
2026-09-21,7855.TW,和運租車,42.1,42.2,42.05,42.15,241343,-4000.0,0.0,0.0,237343
2026-09-21,8011.TW,台通,15.75,16.7,15.7,16.5,1419140,-10001.0,0.0,1000.0,1408139
2026-09-21,8016.TW,矽創,283.0,284.5,279.0,281.5,461821,99799.0,-9000.0,1631.0,351391
2026-09-21,8021.TW,尖點,461.5,481.0,457.0,466.0,8458274,877950.0,-55000.0,-119464.0,7405860
2026-09-21,8028.TW,昇陽半導體,262.0,268.0,254.5,257.5,12260077,-3620962.0,2935000.0,-33973.0,5670142
2026-09-21,8033.TW,雷虎,175.0,176.0,170.5,171.0,1953817,-239234.0,0.0,-516.0,1714067
2026-09-21,8039.TW,台虹,270.0,272.0,262.5,265.0,9175138,-708053.0,1000.0,-26732.0,8439353
2026-09-21,8045.TW,達運光電,55.1,56.2,53.8,53.8,216721,-18000.0,0.0,869.0,197852
2026-09-21,8046.TW,南電,1110.0,1150.0,1050.0,1060.0,13819215,-1989561.0,-1491045.0,34888.0,10303721
2026-09-21,8070.TW,長華*,50.9,50.9,49.9,49.9,1358076,-622605.0,0.0,16792.0,718679
2026-09-21,8072.TW,陞泰,28.3,28.3,27.4,27.5,232728,-54000.0,0.0,1000.0,177728
2026-09-21,8081.TW,致新,253.5,253.5,250.5,250.5,174636,-58671.0,0.0,982.0,114983
2026-09-21,8101.TW,華冠,11.25,11.25,11.25,11.25,1469,0.0,0.0,0.0,1469
2026-09-21,8103.TW,瀚荃,129.0,130.5,123.5,128.5,8348872,-1202616.0,0.0,31969.0,7114287
2026-09-21,8104.TW,錸寶,31.0,31.7,30.85,31.2,470558,119748.0,0.0,1000.0,349810
2026-09-21,8105.TW,凌巨,14.9,15.25,14.9,15.1,1752262,-91918.0,0.0,-153.0,1660191
2026-09-21,8110.TW,華東,50.2,52.1,48.55,52.1,30985739,-2917274.0,0.0,304571.0,27763894
2026-09-21,8112.TW,至上,83.5,83.5,82.5,83.1,3579738,-1121112.0,1000.0,-5521.0,2452105
2026-09-21,8114.TW,振樺電,179.5,180.0,176.0,177.5,360055,25000.0,0.0,-86.0,334969
2026-09-21,8131.TW,福懋科,61.9,63.2,61.3,61.7,2714877,-610162.0,0.0,3421.0,2101294
2026-09-21,8150.TW,南茂,96.0,103.0,94.8,103.0,63139168,14263698.0,0.0,996035.0,47879435
2026-09-21,8162.TW,微矽電子-創,62.4,62.5,60.4,60.4,190408,46059.0,0.0,15726.0,128623
2026-09-21,8163.TW,達方,30.05,30.4,29.7,30.4,401670,105000.0,0.0,559.0,296111
2026-09-21,8201.TW,無敵,12.0,12.0,12.0,12.0,2687,-1000.0,0.0,0.0,1687
2026-09-21,8210.TW,勤誠,905.0,909.0,897.0,900.0,979590,171935.0,-335000.0,2266.0,470389
2026-09-21,8213.TW,志超,33.2,33.35,32.75,33.2,339153,69010.0,0.0,6258.0,263885
2026-09-21,8215.TW,明基材,27.8,30.05,27.5,30.05,7641871,294310.0,0.0,66253.0,7281308
2026-09-21,8222.TW,寶一,35.65,35.9,35.35,35.75,249503,91912.0,0.0,-1000.0,156591
2026-09-21,8249.TW,菱光,39.0,39.45,38.55,39.35,122454,23058.0,0.0,1000.0,98396
2026-09-21,8261.TW,富鼎,177.5,178.0,172.5,173.5,1716225,-315235.0,0.0,-16419.0,1384571
2026-09-21,8271.TW,宇瞻,207.0,208.0,204.0,204.0,904844,-191990.0,0.0,932.0,711922
2026-09-21,8341.TW,日友,74.7,75.0,74.5,74.8,84393,-8000.0,0.0,1791.0,74602
2026-09-21,8367.TW,建新國際,40.75,40.75,40.5,40.65,17176,-1000.0,0.0,0.0,16176
2026-09-21,8374.TW,羅昇,77.5,77.9,77.1,77.4,196402,52000.0,0.0,-16051.0,128351
2026-09-21,8404.TW,百和興業-KY,13.6,13.85,13.6,13.85,132672,49000.0,0.0,5000.0,78672
2026-09-21,8411.TW,福貞-KY,12.65,12.65,12.35,12.5,138578,-2000.0,0.0,-84000.0,52578
2026-09-21,8422.TW,可寧衛*,26.5,26.5,25.95,26.0,4346271,-2538000.0,0.0,14815.0,1793456
2026-09-21,8429.TW,金麗-KY,5.95,5.95,5.9,5.91,66820,-5000.0,0.0,2000.0,59820
2026-09-21,8438.TW,昶昕,68.1,69.7,68.1,69.0,132639,63000.0,0.0,2.0,69637
2026-09-21,8442.TW,威宏-KY,46.2,46.2,45.55,46.2,40119,1000.0,6119.0,1000.0,32000
2026-09-21,8443.TW,阿瘦,11.2,11.25,11.2,11.25,36067,1000.0,0.0,1000.0,34067
2026-09-21,8454.TW,富邦媒,246.5,250.0,245.0,246.5,350863,22710.0,-548.0,1688.0,325917
2026-09-21,8462.TW,柏文,161.5,162.0,161.0,161.5,19651,-6000.0,0.0,0.0,13651
2026-09-21,8463.TW,潤泰材,21.3,21.3,21.1,21.25,29200,1000.0,0.0,1000.0,27200
2026-09-21,8464.TW,億豐,371.0,373.0,369.5,370.0,769961,52223.0,1999.0,2993.0,712746
2026-09-21,8466.TW,美吉吉-KY,14.05,15.75,14.05,15.75,178745,73000.0,0.0,1000.0,104745
2026-09-21,8467.TW,波力-KY,90.0,91.6,89.0,91.1,6372,-2000.0,0.0,1000.0,3372
2026-09-21,8473.TW,山林水,39.2,39.2,38.5,38.7,336478,23641.0,0.0,3000.0,309837
2026-09-21,8476.TW,台境*,19.5,19.75,19.4,19.5,214585,79000.0,0.0,1000.0,134585
2026-09-21,8478.TW,東哥遊艇,141.0,141.5,140.0,140.0,84078,-16213.0,0.0,1907.0,65958
2026-09-21,8481.TW,政伸,41.05,41.05,40.95,41.0,17184,-5000.0,0.0,1000.0,11184
2026-09-21,8482.TW,商億-KY,47.85,48.9,47.85,48.4,6089,0.0,0.0,2000.0,4089
2026-09-21,8487.TW,愛爾達-創,71.9,71.9,70.6,71.5,10854,-3000.0,0.0,1215.0,6639
2026-09-21,8488.TW,吉源-KY,10.0,10.1,9.91,9.91,29000,-18000.0,0.0,3000.0,8000
2026-09-21,8499.TW,鼎炫-KY,255.5,257.0,253.5,255.0,14508,5000.0,0.0,0.0,9508
2026-09-21,8926.TW,台汽電,60.0,60.1,59.1,59.5,3221140,-654985.0,2000.0,7605.0,2556550
2026-09-21,8940.TW,新天地,15.1,15.2,15.0,15.0,23319,-1000.0,0.0,1000.0,21319
2026-09-21,8996.TW,高力,1430.0,1520.0,1405.0,1505.0,2063073,278022.0,-10000.0,-71842.0,1703209
2026-09-21,9103.TW,美德醫療-DR,4.99,5.02,4.97,4.98,498380,130000.0,0.0,-570.0,367810
2026-09-21,9105.TW,泰金寶-DR,8.38,8.46,8.34,8.38,11038027,2362300.0,0.0,-835507.0,7840220
2026-09-21,9110.TW,越南控-DR,3.1,3.1,2.71,2.9,83006,0.0,0.0,0.0,83006
2026-09-21,9136.TW,巨騰-DR,9.97,9.97,9.58,9.72,306761,-37000.0,0.0,-761.0,269000
2026-09-21,9802.TW,鈺齊-KY,64.7,64.8,63.5,63.6,587289,105000.0,-100000.0,7974.0,374315
2026-09-21,9902.TW,台火,13.4,13.45,13.3,13.4,63815,1000.0,0.0,0.0,62815
2026-09-21,9904.TW,寶成,24.65,24.9,24.65,24.85,9552021,1918794.0,34000.0,186998.0,7412229
2026-09-21,9905.TW,大華,21.4,21.4,21.2,21.2,143571,-49000.0,0.0,4000.0,90571
2026-09-21,9906.TW,欣巴巴,40.05,42.65,40.05,41.6,341320,38636.0,0.0,-582.0,302102
2026-09-21,9907.TW,統一實,15.05,15.05,14.95,14.95,730293,-371000.0,166986.0,18000.0,174307
2026-09-21,9908.TW,大台北,29.0,29.25,29.0,29.05,156831,35651.0,0.0,5744.0,115436
2026-09-21,9910.TW,豐泰,68.6,69.1,68.2,68.4,676005,841.0,32000.0,9962.0,633202
2026-09-21,9911.TW,櫻花,82.0,82.0,81.4,81.5,182722,-59000.0,1000.0,2000.0,120722
2026-09-21,9912.TW,偉聯,13.45,13.45,12.95,12.95,35712,8000.0,0.0,0.0,27712
2026-09-21,9914.TW,美利達,67.6,68.2,67.2,67.5,1000638,-116917.0,0.0,-2832.0,880889
2026-09-21,9917.TW,中保科,108.0,108.0,106.5,106.5,246930,-69360.0,1000.0,5000.0,171570
2026-09-21,9918.TW,欣天然,43.35,43.4,43.1,43.1,6363,-3000.0,0.0,2000.0,1363
2026-09-21,9919.TW,康那香,13.9,14.15,13.9,13.95,135375,80000.0,0.0,2000.0,53375
2026-09-21,9921.TW,巨大,90.3,91.9,90.2,90.5,682782,-33636.0,0.0,1600.0,647546
2026-09-21,9924.TW,福興,38.35,38.35,38.0,38.2,46508,-2000.0,0.0,1000.0,43508
2026-09-21,9925.TW,新保,39.6,39.65,39.5,39.6,362982,-189000.0,0.0,5268.0,168714
2026-09-21,9926.TW,新海,49.45,49.45,49.0,49.35,8760,1000.0,0.0,1000.0,6760
2026-09-21,9927.TW,泰銘,70.0,70.4,70.0,70.3,132097,52587.0,0.0,1000.0,78510
2026-09-21,9928.TW,中視,17.65,17.8,17.55,17.7,12159,0.0,0.0,1000.0,11159
2026-09-21,9929.TW,秋雨,11.25,11.4,11.1,11.1,33001,-1000.0,0.0,1000.0,31001
2026-09-21,9930.TW,中聯資源,61.3,61.3,60.6,60.7,151501,-26840.0,0.0,2024.0,122637
2026-09-21,9931.TW,欣高,34.1,34.1,34.0,34.05,3008,0.0,0.0,0.0,3008
2026-09-21,9933.TW,中鼎,42.3,42.5,41.3,41.35,2115919,-645162.0,1000.0,-3000.0,1466757
2026-09-21,9934.TW,成霖,9.84,9.9,9.82,9.88,216811,-40550.0,0.0,5000.0,171261
2026-09-21,9935.TW,慶豐富,18.2,18.25,18.15,18.2,117702,-31000.0,21621.0,2000.0,63081
2026-09-21,9937.TW,全國,54.6,54.6,54.2,54.2,20453,-6000.0,0.0,3000.0,11453
2026-09-21,9938.TW,百和,37.85,38.55,37.85,38.4,1060321,97000.0,64793.0,6855.0,891673
2026-09-21,9939.TW,宏全,126.5,126.5,125.0,126.0,388371,-5000.0,0.0,2813.0,380558
2026-09-21,9940.TW,信義,20.8,20.8,20.5,20.6,542949,-192000.0,0.0,8000.0,342949
2026-09-21,9941.TW,裕融,80.1,80.5,79.6,80.2,571029,173273.0,-100000.0,5680.0,292076
2026-09-21,9942.TW,茂順,114.5,115.0,114.5,114.5,19997,-3000.0,0.0,0.0,16997
2026-09-21,9943.TW,好樂迪,50.7,50.7,50.5,50.6,36021,0.0,0.0,1000.0,35021
2026-09-21,9944.TW,新麗,17.3,17.35,17.1,17.25,23497,-2000.0,0.0,1000.0,20497
2026-09-21,9945.TW,潤泰新,29.15,29.25,28.9,29.25,4897359,1491692.0,10000.0,8570.0,3387097
2026-09-21,9946.TW,三發地產,16.95,17.65,16.95,17.55,537279,290000.0,0.0,3000.0,244279
2026-09-21,9955.TW,佳龍,23.5,23.65,23.4,23.4,131646,4339.0,0.0,2000.0,125307
2026-09-21,9958.TW,世紀鋼,93.6,93.8,91.9,91.9,1117456,-587716.0,0.0,-1149.0,528591
